Jsc_ref,J0_ref,n,Rs,Rsh,T,bandgap,thickness,bulk_Nt,iface_Nt,Voc,Jsc,FF,PCE,Vmp,Jmp,Pmax
30.64373629133578,2.0731719263694543e-10,1.8585979199113825,7.034206684781767,487.926825650666,377.5622351636756,1.7805698509951764,571.6385831661723,587059061632.8634,1421351739249.7847,0.6997188972232636,25.710298566433185,51.394792375691964,9.245913774072184,0.44549098196392783,20.75443532731453,9.245913774072184
28.224788145395486,6.029689748608127e-09,1.6438651200806644,8.263063810054133,2436.847758891197,302.7238721784777,1.6772923935079174,138.2903536625052,9242448343433214.0,26402849115540.55,0.8018157125946271,10.388946016314407,67.34359431835462,5.609734978593541,0.6044088176352705,9.28135860185072,5.609734978593541
30.54852644051224,1.1576516747459557e-10,1.9706980243949033,8.952586988957536,11396.381896120072,299.4638707851968,1.6333605018635171,126.28225947233727,842824113443.0875,60442535285257.67,0.0,10.487351789029999,0.0,10.467739666504109,1.0603206412825652,9.872239829116518,10.467739666504109
30.468572935446904,7.989676538770217e-09,1.325825358138152,3.8305051191417157,2748.6005087910976,298.94713590842855,1.4649607526677357,385.42295573556027,2298561320787.3105,48831263618946.47,0.7413626741916959,22.00659053015017,71.20939808899152,11.61771702686818,0.5705410821643286,20.362630124366778,11.61771702686818
28.622911513233984,3.1479990177253092e-09,1.7002651020022492,3.261193085544003,14605.606734167033,360.4764357496802,1.5937391895150872,272.9968623581465,1244437311294910.0,9511902396.778286,0.5185794731031205,17.093931212563508,59.13827961547086,5.242349368496144,0.362124248496994,14.476659296511212,5.242349368496144
27.19944921485065,1.0521721669668507e-11,1.7869243775021384,6.715538394601915,8134.4980101135725,358.0729031021968,1.6294578877691699,441.24471757173626,689893397716.458,6334473370.477649,1.0336232965538066,20.93341836241864,67.84153023589465,14.67905432023596,0.7659318637274549,19.1649610303447,14.67905432023596
30.01041777074283,2.5899335315803313e-10,1.5652361064811888,7.696988802677051,5880.803117956328,335.3579400657996,1.6796035803727067,282.3700588375673,153075965519.1738,1140306827476.2642,0.8771445217092562,18.27804048837362,66.13674698669459,10.60336277159845,0.6356713426853707,16.680573843088357,10.60336277159845
27.287508036917174,1.6810705158715584e-10,1.8534030732681661,2.4926069614803397,413.6237649304948,308.1383892021997,1.5467968788833417,497.14990883613706,219883638122798.38,307105407637364.9,1.0930447106777814,21.952077052101625,69.91588388806817,16.77603787110141,0.8935871743486974,18.773812284547216,16.77603787110141
29.985881241964325,1.6563823126217722e-10,1.8140203846660348,1.8363346150954984,351.09459709314467,289.0047860775642,1.7611796752982252,377.12633815083245,928176725789.5068,3215980640478.1343,1.2963194582804793,21.34382419951133,70.66104757465128,19.550791620577066,1.1124248496993987,17.574932478234473,19.550791620577066
26.91387261627901,1.2273293649724258e-09,1.4461562755740307,3.934008015745529,1267.722441276577,343.02825931188886,1.5809063052766952,152.5899515896606,510546628662.9376,5411076225389249.0,0.6164801450195372,10.696901647336716,67.95142576372454,4.481007492806137,0.47414829659318636,9.450645557524355,4.481007492806137
31.45148414424564,1.2563811197821117e-09,1.2658699614595195,9.697928498007695,11415.680568612563,351.68901891589957,1.6246807510718941,263.3449371070954,378744009922.3935,2080735015885537.0,0.5250409150616833,18.359682851860157,48.892177690611845,4.713002872721087,0.3152304609218437,14.950975419503003,4.713002872721087
28.734657739001666,4.04659829668074e-11,1.3059566241506526,5.876351775630581,713.7490872576467,365.66142840923754,1.779259764917605,531.6777735705621,39134360256968.95,24612848864634.625,0.5362556643585309,23.654487236508416,52.82901532172022,6.7012828123835755,0.3412825651302605,19.635584987547883,6.7012828123835755
29.504587813476412,8.903070341397029e-10,1.084444321139889,4.274912541271975,383.0260816896403,329.3990819244519,1.5649306061663926,186.71451331962814,417270619227.7596,12987094636831.34,0.5686595153601768,13.519624340768024,65.69355014788387,5.050561539039888,0.4376753507014028,11.539515604308171,5.050561539039888
27.023557811221316,5.961565983187641e-09,1.5810611397003949,3.599324084441404,4806.522536712183,282.28038710296977,1.8792796066207225,389.38206216574014,4970629162708557.0,3794110712.207773,1.0231503385220473,19.62889465616857,76.00975172699975,15.265274230911496,0.8284569138276553,18.426153462082333,15.265274230911496
28.919949985028964,2.9656574289180495e-10,1.9378264549749828,5.802934913285539,2798.8447048679373,306.69756630918937,1.5657844986712761,412.4034414829227,43000030322246.74,1416721742.7209694,1.1965758504632176,21.56078495621544,72.17132404295955,18.619562595032402,0.9326653306613226,19.96381980000251,18.619562595032402
30.957751545166147,4.88070226612743e-09,1.1402490889986108,5.629554206682685,521.3765359555517,347.2240093039812,1.540616891919504,495.6535808151411,2301270581832891.0,240177568281879.0,0.3910640522025967,24.716507103404297,44.12422446174924,4.264931676915929,0.22925851703406813,18.60315477955462,4.264931676915929
26.64644567573538,5.59803404589747e-09,1.2302139908948808,0.5666430505265618,4071.0359619303376,317.09222838624385,1.8148948715662065,584.9508832385811,7995274096110.98,4680537891986115.0,0.5538738294217224,22.851545185485932,75.60873205864876,9.569701072666488,0.4533066132264529,21.110879024140488,9.569701072666488
27.745507028840713,3.508903201473878e-10,1.2559650905676027,9.37322698647984,674.8630263767467,284.4910619392329,1.6175485300015189,695.4253384335022,2.2390489980388644e+16,173882604320913.4,0.877065564821068,24.67097071679455,58.55712749382298,12.670625717591843,0.583567134268537,21.71237030590086,12.670625717591843
31.34475494527115,4.790048592166055e-09,1.518858360386449,3.296104707941772,11066.871422016924,346.1661263167761,1.586828864436855,156.68000083690916,3025085598763415.0,68742229193.4319,0.5100920278237017,12.747281724389598,62.80150906147494,4.0835342238781385,0.36993987975951903,11.038372577005369,4.0835342238781385
31.620878903202676,5.2833785056021906e-11,1.122757932411486,8.34490418682408,640.573005818484,297.9268308157739,1.6996913957604216,624.7372245024787,1508717730756.852,148684504645.7321,0.8084010118434609,27.32421228264289,58.78850477297569,12.985746292383308,0.5314629258517034,24.433964554672965,12.985746292383308
30.664429029447064,8.231505603866841e-09,1.5007411862023423,1.6101955250022577,337.1883610733863,302.9656029998855,1.4659111088932604,506.5952041677145,538263619911.6209,3501946615774.442,0.8617777518525702,24.879793367939705,71.70061873086313,15.373223828514835,0.7112224448897795,21.615211863704996,15.373223828514835
30.16557461385732,5.537960167009813e-10,1.1997756516600577,8.080420356586174,8527.353348235178,353.89840039155416,1.4655288757786566,174.25228219020676,3.675998335283375e+16,606802493547.334,0.46338555135728493,13.272914351456599,52.61920385412954,3.236331891120864,0.2969939879759519,10.896960955933274,3.236331891120864
27.805692150685637,2.9224839588663725e-10,1.6628642127635824,9.565107919060305,1182.7486302578734,372.4808429312027,1.412429745693128,433.1188253960948,636576599698161.8,5511652474.568481,0.6657149868299364,21.06519560302069,49.01228445479919,6.873196742833737,0.40901803607214426,16.804140983214282,6.873196742833737
26.842037582383476,1.8086017967290845e-10,1.9662319121431817,6.041217021696855,23229.852017670913,360.4360915612971,1.6336908007776456,570.8580695513124,127944229679.35446,5807750854.198493,1.0042467526991425,22.832825585017165,66.22267010972206,15.184719816806103,0.732064128256513,20.742335583318493,15.184719816806103
30.976571689296417,2.457260870427775e-09,1.2326407419664336,5.401541987870725,5152.661839708516,366.7738953776011,1.7015535786693627,347.5429415642082,17583456867789.277,957578980866.7919,0.3774785983924957,21.20269915161535,47.14133423947237,3.7729874021546532,0.22925851703406813,16.457348895761992,3.7729874021546532
29.911586153479846,4.003795575047141e-09,1.4538968820762999,2.62882771692331,940.4262131136305,354.6014280243446,1.8082843817119552,163.16684791247496,250814789665.53754,14488907716308.314,0.5155679297473238,12.51322791806943,65.0494336363617,4.196611528928704,0.3881763527054108,10.811095265541681,4.196611528928704
26.87703946515619,2.978465482177734e-09,1.3103346739240744,1.609944943117198,21975.61029831317,296.5531722735278,1.5423600411689677,192.16803711523517,493106107903.17316,1406164450.8075428,0.8136752080103556,12.711984771168654,80.82480047658774,8.360054116302367,0.6929859719438878,12.063814355219437,8.360054116302367
26.33237245498556,3.3413687979680406e-11,1.0533819326271754,5.993209397887519,7268.236555119441,319.3630456832028,1.5589955484760245,402.71574221333805,1.7784008342033102e+16,907656219200530.2,0.6514226097446199,19.437750480810603,63.87504663129313,8.08797986015639,0.46112224448897793,17.53977379495019,8.08797986015639
26.260850372076753,3.503444393550744e-11,1.236744871104396,2.6439982431556763,4390.007917304678,321.6262425703192,1.424627059963797,324.168483075743,138840986987329.5,5148767965.301543,0.7930089413961312,17.33734826311164,76.01611602687174,10.451206606192216,0.6460921843687375,16.176030075961275,10.451206606192216
31.000751322731357,1.4318106861362018e-11,1.9248418690180622,1.17130878748278,15386.85648876766,370.2653143927617,1.8897853402932963,581.2155281641561,4751877590939515.0,31432790065790.414,0.6663706367112004,26.53125564909939,65.22214699464281,11.531047128280248,0.4975951903807615,23.173550209471784,11.531047128280248
30.673978127468775,2.533125024227273e-11,1.5360680359476373,5.239384127866062,16411.34926676353,326.2799365593516,1.5925447480501767,483.73796274226606,3969903087726.306,9514344591.220755,0.9794546074398364,24.54985594785078,70.63788849672117,16.98521194812606,0.7424849699398798,22.876169398420796,16.98521194812606
28.867263644142476,1.7810171677851762e-10,1.2325699405288737,3.801615739128255,1709.1685766916685,312.7495564412545,1.5897320398634645,511.44600727356726,6043087010624.951,4385362383389973.5,0.7115177519250134,23.566629579619157,69.78100015239471,11.700930649907084,0.5392785571142285,21.697377905253195,11.700930649907084
31.498088117229067,2.7716046730387565e-10,1.328361205004689,5.447260940334031,15744.213759327027,345.2587340560102,1.8021959139735386,419.6333656394441,627344038866300.1,104013401535.06004,0.5802365706276077,23.71229390549893,56.731000310088774,7.80547088734335,0.38296593186372746,20.381632510645375,7.805470887343349
30.409358973861742,4.047750912645027e-11,1.6947981288184981,8.635046869593761,581.0395229737388,341.43797405419195,1.4475478741149672,535.4293769628562,321335947962.09216,3561055635966482.0,0.9911925063247752,24.934984292093414,59.99301700664385,14.82749587277397,0.682565130260521,21.723195656236673,14.82749587277397
26.824447580226813,7.527326216332062e-09,1.8008841760850967,6.018083643770271,11621.125980897476,359.5114838983086,1.8730135314086651,252.0300123035123,347100606197197.06,4627478215.744895,0.4157467741513831,15.185519612812532,47.85742604316018,3.02139761504316,0.2605210420841683,11.597518537742591,3.02139761504316
29.69699420014473,3.264930284382228e-11,1.5649506114724419,5.809819037531728,2703.7734925534646,332.2631775513123,1.781961695003294,579.54682990724,89726203748866.81,15745414234570.436,0.8680662007784754,25.33992359233373,64.64660250455131,14.220139383384838,0.6200400801603206,22.934226090203733,14.22013938338484
31.58741741414061,2.2866556334589837e-11,1.1171035659001105,1.0595483167255304,6542.241476948715,321.86083007903795,1.7871607080709215,502.73884798515553,10042146434643.885,1943416257788520.5,0.6572009899132657,25.67138680427572,77.64003979862373,13.098853615345588,0.5418837675350702,24.172810480981685,13.098853615345588
30.575192882423913,6.480444905227168e-11,1.3641920177720541,3.281511806001777,653.4664531988179,294.77833725421914,1.8680637316878719,362.74242231925194,19948899235820.25,128174006769028.86,0.9282501791426876,21.342745180683092,73.58632760894766,14.57848688645812,0.7555110220440882,19.296193518150137,14.57848688645812
29.3179583915174,6.433094935908379e-09,1.7803014939093922,4.897821728420496,1789.4474409506097,378.6631544924322,1.7588801180018216,670.7167960023047,513891534299.2942,898950450377742.8,0.42376321353043056,25.972209810449495,43.95113067371523,4.837290929537373,0.2527054108216433,19.142015652967082,4.837290929537373
29.822443303947246,2.3214804731653554e-11,1.5882579999692208,6.9237443780333985,334.6612060098747,325.4317961841747,1.8126997555981605,277.21541520645394,56401219038492.734,1247954896748.529,0.9302072778194351,17.621123761977746,62.57530805668182,10.25690494688038,0.7034068136272544,14.581753756391198,10.25690494688038
27.81156434865495,5.692796855915582e-09,1.7812940354315159,1.283766427761883,31193.87414942632,367.9200024307745,1.5419542189320194,602.1379477965629,435027980553.17883,9856735741917738.0,0.5727907756705185,24.07272335934984,65.39424253245403,9.016972684998498,0.4272545090180361,21.104452954100612,9.016972684998498
29.99410841663922,8.920209342713352e-10,1.0904407269841327,8.990927309186928,361.4090357969682,304.0828058041147,1.4715109375833175,566.060764415331,1546056508157.7407,2368468373556693.5,0.641861771992944,24.830896392210214,51.70823908947815,8.241260779273995,0.39338677354709417,20.949511609056156,8.241260779273995
29.93761423596494,1.2837726867092951e-11,1.0054298341287005,0.7062475867411095,5150.511430024016,360.14818108594153,1.5192764103136942,609.6453057538438,220491392849.35883,404340250200980.2,0.5789795797208462,26.010623703935448,76.68658698619491,11.548708576045744,0.476753507014028,24.22364682407241,11.548708576045744
31.566772581033682,2.0716920397192163e-09,1.6981207839786372,8.412206142822754,380.4543894540369,300.17821107190554,1.4624618396528215,402.7185941157919,2958889658587664.5,25708865490530.766,0.9455893650175029,22.816427844563833,59.43713364178901,12.823544654039608,0.6617234468937876,19.379009031998077,12.82354465403961
31.10678659857161,2.9217225826324265e-11,1.7346210919351615,2.09180661051526,1100.3161885836005,350.9904697281304,1.8901023924493408,466.9261635862417,212325370188.24695,20614024576825.934,0.9140570453805298,24.500110945534306,72.11848445113657,16.15057329535803,0.7268537074148297,22.21984029331033,16.15057329535803
26.254103309481003,4.4919729682102615e-09,1.7095782851006207,1.8966528949405317,482.43855906025453,298.3533228880319,1.8900135897770962,375.1363854750939,5063906637367808.0,28500888213610.527,0.9143868872231056,18.66222698806719,70.31934231269518,11.999641106029033,0.7450901803607214,16.10495134994214,11.999641106029033
29.434478899751824,2.7251522082736614e-11,1.946024453558095,3.1531577986442363,4529.334878277813,349.9775944589066,1.7246165776226543,664.3566458173111,777381031690.1372,3618005053478.2007,1.0718034692553549,26.20182475608973,72.32752935702025,20.31188955181775,0.8414829659318637,24.13820644524186,20.31188955181775
28.424206344444595,2.645490391179743e-10,1.1192175261977446,1.5141271767531004,1138.0231365525021,310.4704603760831,1.613951606840675,466.592528221977,642354401790334.0,763266631137.7656,0.6896429217840733,22.393372738018883,75.10948383870833,11.599481313826432,0.5627254509018036,20.6130383746417,11.599481313826432
28.45269865657218,4.4966137079207294e-11,1.5883062484090082,3.3070009309089317,373.3530199392569,321.84000441568605,1.6370663375450851,235.3557209225266,272111940079555.03,9128581620406.734,0.9213222428734331,15.332807774377313,66.49904392970791,9.393958745220035,0.7424849699398798,12.65205239909527,9.393958745220035
30.21201308666223,8.787097526805038e-10,1.6524330565210317,3.298898687875623,11881.31318969849,334.91443835996796,1.6157090975899449,475.60748856463425,14586261884480.424,3883065463428.2275,0.787118569596985,24.015669928922918,69.16946156496367,13.075227660286522,0.5965931863727455,21.916488419492694,13.075227660286524
30.42023413089332,4.562560750885805e-09,1.9210571972951915,5.135602666794373,3471.764271770151,359.98704107638366,1.5572253458721006,602.4294174070412,92225258056473.58,6471382502.844377,0.658243269416753,26.292592792085046,54.86091452599141,9.494735817662917,0.4324649298597194,21.954926659007395,9.494735817662917
26.43235488243766,3.3572186970050335e-09,1.055567916906878,2.9499920741098284,1473.1944735582515,297.29944451915935,1.5569466849009945,545.6155400350514,122488992182.58928,616898865619071.5,0.6480047228324656,22.09988693035125,73.06971042738148,10.464189819167522,0.5106212424849699,20.49305620001803,10.464189819167522
31.13928814144735,1.308533120378212e-10,1.1536128990606347,6.088235997861793,548.7128258863039,316.49193610782527,1.879214590450486,697.2786835501822,4291699920805844.0,150220972589.23907,0.6975337778086653,27.783840798920206,58.15889628021858,11.271291477166656,0.4663326653306613,24.170066382063435,11.271291477166656
30.125990294996555,1.3068300022076128e-09,1.3878416951636496,6.480708618944363,332.24257951156085,300.90576586022416,1.6625441514836306,198.25078255497752,989557893115.836,714710288314557.0,0.8087842051503298,14.289610222521958,64.01782274665304,7.398674881712325,0.6278557114228457,11.784036916611715,7.398674881712325
31.93479801610163,4.654877797115533e-10,1.8390697308817134,9.90515231039747,607.0043133093897,324.8245613254351,1.5962863579209599,148.02957018771102,3403933262876819.0,1087559912897.8937,0.8873007320903255,12.238009234361364,61.0007315067137,6.623944110127153,0.6486973947895791,10.211146465719645,6.623944110127153
28.81596160514241,2.8315153572103194e-11,1.1809266522308681,9.089615497130907,388.4169538139903,303.28522849437064,1.546029665157264,394.1185254409518,330119393152374.2,2838113967002.7837,0.8243305165383686,20.587978406507244,60.12604197034541,10.204170284084537,0.5731462925851704,17.80377962153211,10.204170284084537
26.50469200734129,5.3827271022249696e-11,1.8435883847625412,6.4483692646889,6284.896068338498,347.0203255351355,1.7814515095197645,134.8650890328684,15836175629131.22,5979874187620.811,0.8462483576160135,9.587111230663098,69.8764808571582,5.669132789928418,0.6539078156312625,8.669620785088203,5.669132789928418
28.030738899783955,3.4153610389762194e-09,1.4825725085872938,7.732550376701917,15996.723337219464,330.4791482903498,1.8547761219356749,452.2743643221884,1.2637052594674448e+16,242178491187.9321,0.5787677399937512,21.807788823890373,50.411884863223655,6.362808969742914,0.3569138276553106,17.82729745031844,6.362808969742914
28.99290175118891,3.928557581157469e-10,1.1049797158960706,4.105814565675098,21611.02397311228,343.08322403647423,1.4887532912184835,303.313381365763,1411295828910.2683,1491976293.6573524,0.5818032674998226,18.440655070969623,67.87450883342083,7.282142956923781,0.42985971943887774,16.94074282286698,7.282142956923781
31.564762751024162,2.211169242995997e-10,1.3075350724207861,6.065076477265819,327.06111469700755,307.80221066008136,1.751516732849446,480.2618638415578,7.777422376163002e+16,22004118119602.957,0.7831412685970961,24.7387392022851,60.01710514210035,11.627670499268964,0.5496993987975952,21.152780091634025,11.627670499268964
28.865035241766396,1.9244103746453634e-09,1.903327871964053,7.262820277839846,26694.54034407492,358.2005170738177,1.8334007191309631,168.4624427101823,2480167532766389.0,1203984502234.8826,0.47069000143219925,12.3732784693013,50.23119908697016,2.9254542152440823,0.3022044088176353,9.6803823170212,2.9254542152440823
29.318622814467652,9.168688718053811e-10,1.9698151167055693,9.848865198029921,1192.4947918906603,353.3753497437916,1.7749917689676342,307.8957167878293,553628768091.9949,1934767225.7998033,0.8504054513696123,18.658709799677005,57.12845130088209,9.064839031369065,0.5679358717434869,15.96102567626381,9.064839031369065
30.66405876517507,2.945094437516623e-10,1.9855401694949262,4.756739870697801,28564.98222483272,321.157600219406,1.7968410752799862,150.89156338709924,215164322727038.94,411546117464819.2,0.972270182947945,12.118538885760106,73.00512745855754,8.601824776747323,0.7685370741482965,11.192465615637326,8.601824776747323
31.548210003319333,2.9359541690267345e-09,1.0369707272011741,3.8524829448059954,395.7281498712398,290.9282291114558,1.737652814333742,527.954917787019,4388580777423781.5,1143393809074454.5,0.6405592904556113,25.8678579335597,65.05294040906804,10.7792050414005,0.4715430861723447,22.859427605859963,10.7792050414005
30.43658881085906,2.527055477778862e-09,1.0489637098232794,2.4984444743247263,5543.646727037944,365.8125304624823,1.4022500624698295,408.7776052698099,1158042227897683.5,1611576863.7230372,0.38552095303672385,22.631502420042278,58.303366124494715,5.086921108103691,0.2657314629258517,19.14308923788644,5.086921108103691
28.408133345320326,4.863004194383225e-09,1.6716128088558588,2.529051960933854,16053.22376207633,314.8031423409514,1.8266723355720296,279.3661906713433,348274361985139.7,600593287796.9152,0.7942997327963764,17.210558685026296,72.96530454169852,9.974606792433246,0.6278557114228457,15.886781964328724,9.974606792433246
27.648950304530402,4.567438270454343e-09,1.1875936819394912,1.0311535941104784,1527.0521791581602,351.76391476415677,1.8037158029881408,699.2460220400588,6000291399449.857,717123010303.9753,0.41314569951653873,24.94391856877104,66.45723920704299,6.848732634204289,0.3100200400801603,22.091257818150876,6.848732634204289
26.82092766817776,5.304149896948075e-10,1.9975800372629173,7.068633899182454,4902.591194229124,319.2369092921794,1.8576493801427774,398.14995767820966,640031693042.0098,361118088082.1468,1.143008578545958,19.6789007856721,70.05276531640156,15.757075273104737,0.8675350701402805,18.16304125959636,15.757075273104736
26.4030000130866,4.035869483307073e-11,1.0176687809999123,4.642143181701602,5875.982989923317,314.3292462378908,1.6101908857526386,675.5255637067455,3249217094564361.0,6109370430962.224,0.6781768111024505,23.606364994213095,66.82776988508053,10.698651036025419,0.4923847695390781,21.728233076828182,10.698651036025419
27.70724525067095,4.908970206830544e-09,1.2350971168806595,3.3883587590634354,20803.175306331756,332.95420552850726,1.7711589747089882,454.44687649825966,832981304272520.9,124647347347.2292,0.50173950462599,21.611978155212643,61.836777532062825,6.705322428288114,0.35430861723446894,18.925089885270186,6.705322428288114
27.448232369759978,9.27848439156669e-11,1.1554415640834224,8.768280779849913,1165.4505911728215,336.1489394414385,1.795987212570687,570.2944656254281,42689154326838.58,2156756721116.6538,0.5986371986909335,23.17225224504756,50.75102130929483,7.0400660506510375,0.362124248496994,19.44102357097326,7.040066050651038
31.96821049361015,1.0563125288008685e-09,1.8146384431178828,9.045028898348473,11889.940257547692,298.51793449535677,1.681085366868786,161.13649438872693,827051891788996.9,4869069765745444.0,0.9903292242775779,13.274993333621271,69.5992685320414,9.149947076593163,0.7476953907815631,12.237533077512701,9.149947076593163
29.076392385800666,1.990295122028057e-10,1.0358427514181632,9.60579031882636,508.16572389533235,284.1079093304847,1.5230333057524692,139.31826035102944,53790682474552.11,4098402509573.6777,0.7118440449948142,10.60103206703744,65.54896261116725,4.946509270248178,0.5444889779559118,9.084682097364157,4.946509270248178
27.875419694171505,1.421940577489936e-11,1.1116003682492268,3.968142904301296,417.88511474302044,349.81897256099137,1.503510270762406,281.2429412701831,23160859021975.773,824645762155.1665,0.6222965123165461,16.799466416196832,66.06691348148877,6.906799879531646,0.47414829659318636,14.566750379908248,6.906799879531646
26.009964246048803,2.1687580941603276e-11,1.862764563740878,0.21208401261669974,3283.482542779969,328.95020065072083,1.5665470805053188,358.7962120878698,4824883429790095.0,773438779679746.9,1.0182055320404466,18.143243360562153,77.2795748455558,14.276281485340789,0.8519038076152304,16.758090946095162,14.276281485340789
27.5620912604915,9.278362217282306e-11,1.2424828530283327,4.902661325400439,7353.882988800132,302.82528754634205,1.5653678710274332,658.2307705534903,195621119105.94507,1680301583551.9932,0.8800477706632353,24.473744652248957,72.00167541860857,15.507767235854175,0.6721442885771542,23.072080652031108,15.507767235854175
30.269348249580666,2.8272358208421242e-11,1.0473740200054817,1.5544126420576014,21759.37350722139,280.9259781821123,1.4941609874056758,118.77010774098673,461080553011.78253,21930321898282.207,0.7960041268350585,9.895137389960095,84.12408732728485,6.626092791767249,0.6955911823647294,9.525843569841134,6.626092791767249
27.449833452434515,5.100774817693128e-10,1.5901953827661262,8.524466264279834,323.2085090358968,365.33694593423667,1.709559543213487,197.64609166297456,4341345288774391.5,973735026760759.5,0.3934472052349243,12.838121198796307,43.288296751979225,2.1865450729143285,0.23707414829659318,9.223043037905748,2.1865450729143285
27.525580902524943,5.706647443891359e-09,1.4544574302986577,6.113559652466551,29464.49942561092,316.15360786391994,1.8065796729100563,291.0394706970758,6241387307676409.0,16037528163145.146,0.6432660373548851,17.088809815788558,62.130373728216256,6.829775132358123,0.4507014028056112,15.153658475085386,6.829775132358123
27.29813417135241,1.746136864871204e-10,1.3176356343635618,0.965462252187566,362.8018894720614,314.6478655407181,1.4095170739087433,199.29265454906502,2244398269128163.8,90497930891865.4,0.7524476332938369,13.214554522038975,68.26838666680587,6.788103371919887,0.6226452905811624,10.902039210132036,6.788103371919887
30.431482318744294,8.942511624971405e-11,1.8900194571176954,6.019539370678787,565.0055104715237,294.37186614555344,1.7465477134648506,203.76636186524684,110600275682197.73,8758330540641425.0,1.1964792473777415,14.84421534803891,68.38748239592776,12.146160969479515,0.9691382765531061,12.53294938744888,12.146160969479515
26.02404562840004,1.121345399662278e-11,1.9930845819305065,5.929460574514823,567.3093626347372,369.73021997540934,1.840190150063846,421.72024786682516,537962718022828.9,81716609775.43376,0.8010128822177501,19.439493252178252,58.64990982762242,9.132544329266887,0.5627254509018036,16.22912970193795,9.132544329266887
26.30311817823203,6.077190169809606e-10,1.294755193202763,6.703486257271449,14876.143316253467,281.8160543914364,1.6978568873428637,238.76832381211136,1.7511808018340646e+16,59655645034.44551,0.9178327664374171,14.42924056090923,73.60297352530158,9.747705321947588,0.7190380761523046,13.556591292229227,9.747705321947588
29.66462079941251,4.5774385232175334e-10,1.396166500059249,6.840683483277982,8944.154023957637,336.6937795319387,1.779211118592377,690.0502455957626,32781915568272.97,4000196847047.4595,0.6557332511107039,26.67026921393379,54.610985393441155,9.550687147026476,0.4168336673346693,22.91246579983756,9.550687147026476
26.07481926764728,2.443912591355903e-09,1.5202300670459938,4.198022017533539,487.69008492850503,368.9656421675397,1.5975036200202781,509.54895892553225,787489801688.641,5380806898823642.0,0.48831669547988565,21.118040669844003,54.71610016894505,5.642483930102232,0.3256513026052104,17.326766037667777,5.642483930102232
27.070650570930987,3.9684962905704894e-11,1.8589828605577137,9.143310892590925,840.0300362563289,326.9800888174828,1.7667474522814148,627.019440286481,18806854742039.285,4160412647508.376,1.0717136148714834,23.46714594169105,61.86087909261565,15.558048089477117,0.7503006012024048,20.735753196178102,15.558048089477117
30.450298463118408,1.5610180684543517e-09,1.7829601300260849,5.785351422686959,511.9531194610756,370.397329087804,1.832786269660514,578.8584614909998,397351505625.74835,26963829330.05036,0.6134819422036387,25.731061077293038,51.698345382592336,8.16086367453363,0.39338677354709417,20.745139957169034,8.16086367453363
30.461602190645912,1.1733302938908244e-11,1.9792246337072796,3.8960178674856714,8682.105670880877,368.75710884880436,1.5973149440750412,291.47949315979963,449207266992896.5,11666097889208.523,0.8927217100609216,18.92401220407673,67.48929424768133,11.401558045246091,0.6721442885771542,16.962962029152653,11.401558045246091
28.45483986574878,6.387402259730506e-10,1.9353813695664948,4.782874514940646,782.5000275360921,317.7205982883004,1.5970534912965593,178.66521581573193,948918695897.1642,61934767805460.06,1.068450705065408,12.69128336456357,69.77247519488418,9.461155073511287,0.8649298597194388,10.9386385117751,9.461155073511287
28.036866525253416,7.323103556494371e-09,1.2435967453586074,1.1694601500272588,10162.700479279772,368.103605191787,1.5390566784357438,221.2528609872868,1301957504511.4841,4509060989061.888,0.4010200367737506,14.624743025490611,66.21769539045971,3.883545322569943,0.3022044088176353,12.85072358065253,3.883545322569943
28.810499847480624,6.002325175052524e-11,1.0451731169894263,4.918615135197552,26221.932510197803,345.2519200752663,1.6477532783143092,166.41524441776966,3270527033698.3853,115722457287.67285,0.5449312529120351,12.264215456299373,69.29097048591541,4.630822469788639,0.411623246492986,11.250148064384279,4.630822469788639
30.588821315643408,4.267095785630122e-09,1.9016418535664386,9.84877236085739,29156.364181823803,375.2999132767981,1.4359110702514422,182.6761215566831,6711184198715.29,7418016217318.372,0.5898371567168664,13.93775520134485,51.69375617543035,4.249746744584897,0.3751503006012024,11.328117657841151,4.249746744584897
26.581867332232875,3.4465999184925586e-09,1.616756179077309,5.515171142561609,677.0529687580752,305.32554744001976,1.480156012491129,611.1598946768792,320160065665836.94,139928440075481.27,0.8523689435072715,22.92898997955837,64.85437699547761,12.675112826720413,0.625250501002004,20.272055450427846,12.675112826720415
27.776197177460155,1.299445026580897e-10,1.4048549644265338,7.648146723091543,11084.241394414114,300.68135275140315,1.8707694283690495,172.39320246621185,2.380852521793313e+16,5043935444.378978,0.9135562565921812,12.132459232962844,72.14627626301021,7.996465307706152,0.7086172344689379,11.284604605614735,7.996465307706153
27.587238866907867,3.462865377314777e-09,1.1794920723460876,4.252965726837704,2510.2593876439923,304.52589730232097,1.7551226006679932,610.8007896413224,1.7678720884519008e+16,237276659852.0944,0.6610057901641156,23.945161005254295,65.3111499632134,10.33737702020832,0.476753507014028,21.68285469980644,10.33737702020832
29.185102365726888,5.561849226369521e-11,1.2447965015501454,1.7802898159488565,23990.429412468086,368.798882860558,1.7886793566638461,410.59691277263744,87830932377667.64,5107632753405.256,0.4794753185700283,21.757018310514194,65.37928672979757,6.820336650089864,0.35430861723446894,19.24970581671291,6.820336650089865
29.219408081462536,2.012283907473856e-10,1.1317548328920675,1.4315057581116528,25380.45664728381,328.20307595863505,1.8766027624525945,198.146126626066,212079803453474.1,28445971688.461697,0.5853347521682571,14.12387506751781,75.12241236196695,6.210516252786282,0.47414829659318636,13.098257016654077,6.210516252786282
27.51910763675961,1.2307326901632073e-11,1.1189533107402112,9.185114394766119,1390.1638246928485,340.81292119145917,1.6325070659946364,340.27074714716696,155351892453046.0,20449025302.726593,0.6598689275548297,18.54454811021119,57.34489299169906,7.017277967508834,0.4324649298597194,16.226235893359167,7.017277967508834
31.93162339111746,2.8505168077210457e-09,1.7416146327315154,4.793841110736735,639.3729288855623,372.0665858273568,1.5706935336908638,130.06401381816028,11335013999974.697,364082004418267.9,0.4615886914262498,11.14537094117736,55.21582707334891,2.8406208438904783,0.31783567134268537,8.93738840543095,2.8406208438904783
29.736252469929248,1.7886104106065513e-09,1.7936353838623775,2.2771551885893175,22262.12578104425,323.79896029203724,1.7195068246320822,101.3852635520452,9.124540233036587e+16,92528325288.57541,0.7252235578270982,8.526568445966832,70.80344717211452,4.378250321233205,0.5705410821643286,7.673856376169193,4.378250321233205
26.37237863924093,2.3702061715697087e-10,1.1290300571820417,1.692801759544242,5815.212991136976,319.29273915702333,1.8609262250774974,291.493896764842,2275520593870837.0,1689258104039.0298,0.6226283066216858,16.38673168439069,74.37536234456158,7.588401450485584,0.5002004008016032,15.17072245109097,7.588401450485584
29.959707806775672,6.296309531729351e-10,1.4727839727589982,9.510598727319483,1532.594580575528,297.72355012492727,1.739047030439914,607.6045367847453,174390346119.89966,1404199515847.5881,1.000283613054824,25.846198520574358,61.736077860781656,15.960954694355593,0.6799599198396793,23.4733757514985,15.960954694355593
31.354926138123957,1.7736007214645926e-09,1.9918077164976282,5.407855353652989,6606.804221356888,310.2480281137928,1.873767799832996,319.8012931339218,2698138730760821.5,663714688232.6866,1.019003011449829,20.540044036111222,69.10709393607159,14.464368195958862,0.7685370741482965,18.82065118587607,14.464368195958862
29.370913580377994,1.4432700686278126e-09,1.5089341517513541,9.089446003713183,2180.730390200361,344.7071798143325,1.571181216650027,344.89400093860786,43681812403934.63,7597122481.327015,0.6554588061884545,19.98371654665376,53.28706912377811,6.979808342929377,0.41422845691382765,16.850142056709043,6.979808342929377
26.55034207435404,1.0057030551482711e-09,1.6555177383430522,6.6965151992589345,346.36411501699143,312.65468426717797,1.4989049236295984,566.8908535264075,1.4580835435139614e+16,53304348613.84608,0.8918728417912629,22.11038783554552,60.498393156297084,11.93007406733147,0.6408817635270541,18.615093682296447,11.93007406733147
30.00709495308792,2.443928018376451e-11,1.2751525256017133,1.5588140630875114,1166.9212087452938,347.4736547349278,1.8551634550926261,221.51344475451157,178843932064697.94,81233975698809.03,0.5939012555859631,15.646146446014251,70.68375051292328,6.5681221301284385,0.468937875751503,14.006380098008936,6.5681221301284385
31.717534810913392,6.763655025397511e-10,1.2551069310273806,6.329685937756576,1383.5100662310203,377.6128390691708,1.5998380675818185,511.25663245660854,137836899036.82874,631582550825.2274,0.5168942690199668,25.824938273065104,49.413561046673195,6.596098951949305,0.3152304609218437,20.924687711523855,6.596098951949304
31.25064567993507,6.771460248406474e-10,1.4439428863959765,9.372187494470113,16142.42407098141,312.2215673822938,1.6722742010206697,393.89455365547764,621176476123046.1,218161880627.3181,0.8190221299449036,22.830429107139018,58.0075492819354,10.846615083479106,0.5340681362725451,20.30942186362504,10.846615083479106
27.46523000459533,5.470354935433878e-09,1.9238744994985062,8.464564280467394,28602.8205576914,354.49915257796886,1.7823336142809998,557.5540551775844,76497243425341.06,1567347738507.7903,0.5805579995285315,23.1360902800749,45.16515327835776,6.066512158345936,0.34388777555110217,17.640964842742555,6.066512158345936
27.44135765689402,8.599190757186123e-10,1.2893201361023345,2.726522415083074,4698.1053180975905,320.99823882250433,1.509428304397316,589.6336100516987,1.4568656907438966e+16,14924391662.048695,0.6901090675674583,23.583308093408778,69.46387193984528,11.30528319558304,0.5262525050100201,21.482621152307452,11.30528319558304
26.0450421968,1.0195062806556843e-10,1.7975108356807525,8.42390388909638,597.9407340138753,357.4335901183051,1.4578520836547146,334.0375540939175,9.809730811242627e+16,22291318780.828533,0.7435629479921432,17.246817569303637,54.85515619838854,7.034677077404529,0.4975951903807615,14.137349422572935,7.034677077404528
26.923781495465757,1.855243837321238e-10,1.6196685259698613,9.342427667649881,28949.581579392103,286.96406365913947,1.4689987586739526,574.4427843375963,4205260594463.1206,1562943996181951.0,1.085594173398957,22.948619692927892,66.74586522440026,16.628322531975517,0.7763527054108216,21.41851560004074,16.628322531975517
29.98071954337452,2.1653814256621187e-11,1.8325292849240071,1.9282925240791435,2223.2627385639307,335.218492855933,1.650383074540139,511.6977493690903,824366641014909.6,8796178597669996.0,0.9494286193464733,24.513380563523455,72.81208687373109,16.946070349892487,0.7555110220440882,22.429944574526132,16.946070349892487
31.996531455345128,3.543057560254347e-10,1.0951990869608639,7.33286432989344,28400.64193428362,311.83263876290204,1.630604442918787,354.86615488927356,203476813262.8942,50798515220503.12,0.6865367722430341,22.187294020958063,61.95549714845765,9.437304948270631,0.4663326653306613,20.237280486407585,9.437304948270631
28.120026170410807,2.3035180724371245e-09,1.8321200752819862,8.248061708658884,2154.4280562357576,312.1545682240899,1.7744103898335273,580.8336603056338,88622639012896.12,1783270136605995.2,0.9011331595872676,23.971527230829636,59.953367549262424,12.950849517589088,0.6096192384769539,21.244161437465337,12.950849517589088
26.86345217647135,4.3371689400062995e-09,1.0960952329718814,1.7045501161352161,3695.558032654545,286.7518480187415,1.426403550700055,100.3112464994233,41485846697224.984,264464369463767.72,0.6224924083083021,7.631387400123021,78.72520494532414,3.7398256838387702,0.5262525050100201,7.106523291072149,3.7398256838387702
26.209030101679495,9.052589336567482e-10,1.8231273174161866,1.846408316063137,621.9098990959523,366.0800973620536,1.8115623049750473,423.36505975851213,8226200220682409.0,4459565448.153894,0.4559222479121311,19.746627474998473,55.49914374829055,4.9965472791175225,0.3152304609218437,15.850458310741535,4.9965472791175225
28.366889107632527,1.6345291431393287e-09,1.2574519593239635,7.572823361448818,3223.7192218555065,355.0265987948233,1.6323398189286646,320.7426041330906,2066023698728.0864,28751161227.03574,0.5164629610467982,18.58376262809738,53.14070219484669,5.100351639915024,0.3256513026052104,15.662002881954443,5.100351639915024
30.508944863428376,2.2736889131321357e-11,1.0859823501109451,1.9276553772168756,709.0763866113782,362.31076228068997,1.5992533117371062,694.2330744162895,665683123426.9343,37564600965559.43,0.5770126539186989,27.418468154593523,69.19347429903694,10.946963310478287,0.44288577154308617,24.71735154718853,10.946963310478287
28.692377043207504,1.5092268748431636e-10,1.8750841990540823,9.760837329118317,17608.319813456328,299.2300679035133,1.510398960604467,493.644327457038,5426271127855.538,139019561869397.27,1.2127720459623854,23.144221865465834,66.9218067277549,18.784057945795496,0.8727454909819639,21.52295043616981,18.784057945795496
29.398523904857868,4.4949649070404374e-10,1.8285469248387858,7.163221163078243,357.4008079877855,284.94591371460155,1.7007792262280077,391.7152453733653,3640054885311.853,852300240917.6962,1.2609390878123543,21.011054469497626,65.77120426380502,17.425199141336826,0.995190380761523,17.50941274975247,17.425199141336826
30.547461912397164,3.0188007830659872e-09,1.5612230678900443,3.9766209123996097,1100.0021220994402,332.19184707692534,1.5573748092821904,438.4570822283338,1147927063861538.2,2901045073.1853805,0.6968461595672304,23.379419085679917,63.49923983125164,10.34520624014212,0.5028056112224448,20.574961792869345,10.34520624014212
26.006404790136482,4.333426317441678e-11,1.894511497718781,6.53364947963988,698.1049281993043,369.02639618236185,1.63497797014367,385.6550540071964,4.104418751406624e+16,2608596127.839142,0.694927929482907,18.637163407250462,54.828618038210564,7.101120448197591,0.4663326653306613,15.227585318653194,7.101120448197592
27.29106964777231,5.718919395190117e-10,1.195486509582004,6.859364690247787,847.5875691847841,289.91569705988144,1.5034925798204197,353.64042056323734,1139802998219.062,8766862083.281416,0.8128292802506831,18.7433603171577,68.18517899177064,10.388115712739864,0.6096192384769539,17.04033445317946,10.388115712739864
31.161691317313647,9.145166373549928e-11,1.3607586865182535,0.7416500131120309,1639.605048966405,306.480717732158,1.7052425336708943,223.234178603444,2.1389110216964268e+16,3218595104893125.0,0.810289097260182,16.34765903395477,76.71480110928023,10.161895622442637,0.6773547094188377,15.002325194079514,10.161895622442637
26.59898634306074,2.0999495870629102e-11,1.115326438110988,6.271778711841058,554.5464486889025,365.2382317930266,1.7771357574689461,591.8853149428144,143338600974348.66,9478518905193982.0,0.43812710679662925,22.635552059734707,47.61171165462765,4.721771966849593,0.2657314629258517,17.768960870723582,4.721771966849593
26.26505061766497,1.5988027719668713e-10,1.3239366689376362,9.496725887383882,4505.281345928181,360.61909654447254,1.4851705968292594,687.1804863402633,98138017673717.27,2855647083261.532,0.6007955615904347,23.553125683764378,46.76465673046245,6.617485768851843,0.3517034068136272,18.81552933707732,6.617485768851842
31.825308371274428,1.3873852840843514e-10,1.397525024554993,5.93057648748838,570.302428716251,312.1085626411855,1.4966041612225651,161.97008746422978,1.573503227247819e+16,13344987240782.775,0.8159017829596193,13.140665807619829,66.06785672943056,7.0834604109973025,0.6304609218436874,11.23536791191244,7.0834604109973025
28.15203674916747,1.6827055691891503e-10,1.4315190036873546,6.404861985018153,22570.37542448932,373.27796196569824,1.5957459897653317,297.5574757586617,50848600116410.71,9452346055331.4,0.5295151917827228,17.703097462540804,54.94654995856394,5.150722037968629,0.3464929859719439,14.865299577480313,5.150722037968629
28.77090746869849,9.468043170041062e-10,1.5543990233797635,3.343012357601946,1554.0379190466736,317.8592787559731,1.4473198841246941,199.63757944838386,2181136336288872.0,529269637535.243,0.8084254286837512,13.951562031156115,71.43729258026057,8.05726758092959,0.6408817635270541,12.57215923353304,8.05726758092959
27.287233835360862,4.875478344047289e-10,1.7555395424734273,2.72273915098464,14242.288008266174,372.75048596250497,1.6986972645369203,501.36859539494776,206754962367.17285,4155652623511579.5,0.6326275743245632,22.151994658468894,63.904019938900845,8.955485484320997,0.46112224448897793,19.42106586995297,8.955485484320997
28.35490840558966,5.911547746268628e-09,1.5789775247502424,0.2452642286646106,377.64522574803055,348.0418805669922,1.6813340069159666,115.91946232364461,2889081327162896.5,922608304630602.8,0.38855163837773293,9.08161885336176,57.667983772775365,2.0349173898822306,0.28396793587174346,7.166011133036226,2.0349173898822306
28.97850489463585,2.496159434225894e-10,1.0054731088346274,7.909167182437273,1450.2141339414554,367.87636197825395,1.5865302937790264,439.04674637842334,4188424865354.5244,13308165346.452631,0.4308900230900207,22.144124604717852,44.41742703372698,4.238169801035804,0.24749498997995992,17.1242650260475,4.238169801035804
30.64944742028797,3.0886694786588875e-10,1.5364879237522509,9.661076344121007,26739.902811284508,365.56421217024035,1.4938046463825168,456.56361658094795,1.8573106453243704e+16,418068604860.6445,0.5638770990584461,23.884195435424658,41.636325617056805,5.607476591151109,0.32044088176352703,17.499254652810528,5.607476591151109
26.60663699561351,2.709497201072696e-09,1.4817635513621716,5.731048267519951,29126.519588701256,340.7211430494072,1.6124896928330505,321.9906207083187,32041715200850.266,6742075044.592731,0.6263029442303487,17.50685351419072,62.24942941288951,6.825397140282041,0.44028056112224445,15.502381306330173,6.825397140282042
30.76850335050543,3.2594969167208357e-09,1.2843971345734089,3.1772068604174524,17728.3579815595,282.39703555279556,1.6602287218836138,378.20542880890065,1382803969199616.0,13923291030.699709,0.856051572219113,22.04291733201094,75.7276313291032,14.28970864403837,0.6851703406813627,20.85570229124056,14.289708644038372
30.00998444477092,1.3495905345138714e-10,1.618714778169642,0.5929310967532041,2651.272666004761,332.22508939823723,1.5071632014274932,183.77419250747243,1351592639638.0945,256441050003.39734,0.9269969698462573,13.742985394250667,78.31780182701355,9.97745755519009,0.7841683366733466,12.723616969179288,9.97745755519009
26.58086089582983,6.949593258083659e-09,1.4049940614958172,8.12790210456614,28108.278389480336,288.0735280002739,1.7258347339674969,622.8454520447284,638861333721462.8,1007355703064.2162,0.8561540612407538,23.240582768904773,62.852492978694855,12.506086935548543,0.5887775551102205,21.24076712334487,12.506086935548543
28.586458145827628,1.2814352250221784e-11,1.5346007512892754,9.936721368511105,26146.589704884875,284.0399228842163,1.752898501814744,281.05892001815846,2.617790699664205e+16,2069203574.4707494,1.2327739225204088,17.378103437217906,72.02747900268217,15.43064327468136,0.9404809619238477,16.407183025923715,15.43064327468136
31.615244612066483,3.2540725499901546e-09,1.1175043822526014,0.7862785057095321,14771.184700968826,295.5757670974579,1.667449076487935,649.4469147272257,253915189293869.28,603438632207.9773,0.6840497920648961,27.985265671965436,78.96501868387351,15.116522395798643,0.5705410821643286,26.495063840897515,15.116522395798642
28.670096329123954,1.5465056539851008e-11,1.968752321361599,3.2444110137946116,756.3572660195882,308.6047301840395,1.8821865974457395,156.5716320928042,1.5988887361395296e+16,90137863677095.28,1.2032994462590003,11.607790299379198,69.74009189334058,9.741050299148739,0.995190380761523,9.788127465314581,9.741050299148739
30.98011507495417,8.466279874798592e-09,1.8421546555168717,9.445147042522958,567.3754152237699,359.578856516697,1.6728378470405239,426.0973570479164,2.4747393156609824e+16,6347851092176842.0,0.3067259094414721,19.704694900734296,29.30872755501278,1.771402044091387,0.16152304609218437,10.966868734511191,1.771402044091387
30.229029938259085,2.8107043668746646e-10,1.4564038579018455,3.986146280787182,1671.8528857055758,319.15068416844315,1.4448766176255976,146.46165115626292,4777702057873450.0,1325898411927.056,0.7940267566486303,11.648891334467196,71.45119783089798,6.6089009825170715,0.6304609218436874,10.48264968301341,6.6089009825170715
31.584106931267723,6.865355422639354e-10,1.0351759821844198,1.7437287449112988,815.9049839567741,377.5736024389661,1.5093521130758174,409.45340577283076,4.1405839069891064e+16,6923873256664641.0,0.23732559471323714,23.318327504367474,46.66224099392798,2.5823051882695567,0.15110220440881764,17.0897916305903,2.5823051882695567
27.418162612301266,1.4039541703998502e-11,1.1536018325377584,0.8206190912850693,776.6913745625434,336.85697147037354,1.8562243981478208,422.331330216604,570082015179328.6,25886346569.74165,0.6588414036729221,20.687407859355776,74.20142432831595,10.113446989623053,0.5418837675350702,18.66349869756621,10.113446989623053
30.8035017240431,7.134552293533321e-10,1.864136829192725,9.498662448656685,1569.6453995635477,289.05790585354396,1.5129644789583911,362.70493940550233,4.7223906565813656e+16,444804074286.75055,1.1714321267515668,21.47896296582484,65.33842728085436,16.43989791038739,0.8466933867735471,19.41658948469422,16.43989791038739
30.62463928199222,4.1824434389143965e-10,1.1828087704309764,3.3431943657438263,6403.00395451168,347.2853394684893,1.617379873404523,237.1873615972688,2145066088183232.2,15209372316.189234,0.5153550005855154,16.725582599510414,64.59167188196179,5.567551907700706,0.3751503006012024,14.840856847984252,5.567551907700706
31.62001815119076,3.6619358927708276e-11,1.1073123628325203,5.076947483180713,3460.1840208075178,330.8192914778245,1.6183337446694197,696.888935697765,82733934094291.94,2216287337532.8936,0.6609788114501555,28.480006257857237,61.53994947410906,11.584698983079981,0.4507014028056112,25.70371183884798,11.584698983079981
28.530596376287367,1.5866358542732868e-11,1.5929566311496162,2.434084167787188,5959.611650081935,285.0833461948477,1.8906935506265008,381.4030474076033,2.401774500003311e+16,2132692357369.903,1.2549332408704814,20.520678684397353,80.39845131362428,20.704274953260754,1.0629258517034068,19.478569384760778,20.704274953260754
26.36198491144533,2.928469048684021e-09,1.6481837296671342,7.861219066224663,2271.641149160702,343.7936744246645,1.8281145018983036,478.6392657231325,12191069552586.42,43421733801847.24,0.5991217998752358,20.94008305551468,51.80454374933582,6.499222052728337,0.3751503006012024,17.32431519397137,6.499222052728338
30.031125131684405,7.616595424632775e-09,1.3709123215416692,4.365801321638486,13312.080107053176,330.5762314742741,1.7682865465578663,375.8256786721552,1963228503779.7488,164598888983530.72,0.5775277856408499,21.443597982521048,62.804711375961254,7.777907327555438,0.4064128256513026,19.137947517012638,7.777907327555437
26.78693101510826,3.942311987537148e-11,1.6268249827842087,7.523244041882284,19470.440347985656,307.2586497415892,1.4553621293002772,673.6279957135774,844381147272.4813,24191838567.792828,1.1524576153812562,23.941416852916536,70.20007102810428,19.369230256659677,0.8597194388777555,22.529710718119297,19.369230256659677
27.747976721350796,3.8741288608501543e-10,1.882825566034078,7.653351022752696,8247.362955076405,297.5180567856004,1.578841315762987,387.04295565200675,766576887312.1975,82036649512.69623,1.264999345042581,20.092217953814544,72.81899314689268,18.508143198131613,0.9795591182364729,18.894360588927324,18.508143198131613
27.849999223717067,2.4089544878276114e-11,1.5502396919082577,7.109276325937091,436.37841743822713,328.11231017631496,1.7911055976338974,548.7940773714681,7770314147194719.0,1373043928906.8293,0.8800610017155189,23.00461951283395,60.24390413317513,12.196660629963407,0.6200400801603206,19.670761649488494,12.196660629963407
30.923342495839165,5.275446385426721e-11,1.3608105614175154,1.928284648894453,2722.507462559233,319.2060022415443,1.520463558207156,551.068425538469,7639776132324.996,81213889645.4365,0.8625656470206814,25.9785028053487,76.70420368791972,17.18800381935535,0.7060120240480962,24.34519984631939,17.18800381935535
26.78534198510297,2.0723595434202957e-10,1.302964628837302,3.8188738451414928,937.5501880016303,356.31554898199005,1.8650016736773587,398.7591116733326,721091771937479.1,1175454806706993.5,0.4309559560641941,19.610334472555493,55.21191559842198,4.666064133544914,0.28917835671342684,16.135592533880196,4.666064133544914
31.99297782400195,6.927068051878763e-10,1.8897794665398688,9.104360816245292,12103.277077805213,326.093139107311,1.4405770002119496,109.4833332640803,72979990029847.88,2885371479860.9463,0.9398265385540746,9.774971400282448,70.00203862122186,6.430931558511214,0.7190380761523046,8.943798349211526,6.430931558511214
28.444174327177834,5.064097444412148e-10,1.5521627033044272,8.398807802120391,521.5719252766492,302.51776661055453,1.7965024894798152,608.7021203341927,9.30990569332812e+16,1289389456798869.8,0.8686004983973294,24.313192964195647,57.580797678634,12.160172846236923,0.583567134268537,20.83765882648429,12.160172846236923
31.339394042433987,8.770893302922033e-11,1.4016616340093764,2.8272340272414005,5159.395213006806,373.88053542070384,1.5723204432558089,434.20106912887013,5995118650482.305,15438312101.947262,0.6194423085098344,23.95528104347176,65.83088256341489,9.768588437803588,0.4559118236472946,21.426486287753804,9.768588437803588
27.171113178911934,1.4922309165710643e-11,1.9492935230092574,4.14822016337477,14731.324085978538,348.13294726896913,1.4959605807055425,205.2773479474527,7446105908819884.0,71282344333.10802,1.0132072760705428,13.46045767543839,72.0726128034685,9.829431336116711,0.7971943887775551,12.330030760991047,9.829431336116711
31.479711102211855,2.631274846077628e-11,1.6777086144544695,8.181843985103153,934.356856389929,307.6207363456566,1.8822594430696007,258.758563207695,37996386738300.27,1065636660068.1328,1.1045488140688176,18.034410054062214,68.32935181544744,13.611129148557469,0.8414829659318637,16.17516895720452,13.611129148557469
27.5182084995781,2.125070092918068e-09,1.7718493432291553,3.9075165393930997,14799.654681069438,301.3074934399002,1.4021528878338392,442.7004172334446,9.214390951582891e+16,1864275828.828059,0.9814245658421785,21.221228138597453,71.87152851689915,14.968708120791108,0.7633266533066132,19.609832901745243,14.968708120791108
27.247988442250765,3.6036609813273786e-10,1.8099407364448705,1.0726116497355216,1951.9527806602098,354.70758006298865,1.5857716042031806,213.3018522853834,1489275223513.981,741893401466.7456,0.8234442197625932,13.8575290423834,73.08042055719434,8.339135309926514,0.6669338677354709,12.503691465304478,8.339135309926514
28.876502448835346,3.849845078669297e-09,1.6422524185679936,6.965939154251915,29239.79632034662,321.18434403009735,1.6016772016245642,654.0081806354874,2987125862841.938,128441900827662.36,0.8094517190005329,25.606223592833693,60.487850462940514,12.537317796367011,0.5470941883767535,22.916196265154355,12.537317796367011
30.527438829308807,1.965006504659145e-11,1.468231405693584,2.1655122189512297,742.5924777017526,326.3828110462876,1.5447148537540323,577.6362685755225,2.790161541942699e+16,415952977098325.5,0.8577996489939871,26.00042535237528,70.85901908726863,15.80379738355143,0.6773547094188377,23.3316416993851,15.80379738355143
27.59618523572999,6.643595481757905e-11,1.2547283501174675,1.5233733413511135,24411.62760256893,320.20477981570696,1.5123447372729368,608.0026303049461,24841156788452.977,1761236502.1689844,0.7864588659504058,23.95826130168708,77.90028075356095,14.678116583602819,0.6486973947895791,22.627062635828874,14.678116583602819
26.971649421497787,8.274676444965573e-10,1.782905274171724,2.267157007189387,21616.788754789774,365.0997120052165,1.8241903770305403,236.59668807952846,201009198509.3641,1180224909172113.2,0.6088486501788817,14.712464863501717,66.48445035353137,5.955453922868079,0.45851703406813626,12.988511833527848,5.955453922868079
27.834801372431404,7.190335310397924e-10,1.75996688370073,1.4572739334089777,11525.949410141367,373.8511458961066,1.7641874828732045,364.73364908833486,1.8199892907905804e+16,4922700462182.88,0.3572170525606358,19.535247125589795,51.90364490055832,3.6220041971576395,0.23967935871743487,15.11187369884333,3.62200419715764
30.468625566900524,2.8941286438450928e-09,1.749352861699006,3.020977785271909,544.1113707452618,303.83385293620603,1.6514374684901765,403.1661533758575,313231980098801.9,583059482510.761,0.9640262177003185,22.397147865139114,70.15195399661083,15.146815473170674,0.7685370741482965,19.70863343184398,15.146815473170674
30.721348288700167,5.488595826478653e-09,1.2467250534794712,7.417927533478503,7177.0125406313555,332.3090499279315,1.49426511693708,577.1393551496258,5.804405083252621e+16,112941701346789.08,0.48415522337443323,26.170121608288675,42.929381804736394,5.439324852818336,0.27875751503006013,19.51274695583285,5.439324852818336
31.507159979754405,8.965113554957423e-09,1.3520506742392382,6.454590818678103,2804.564776484575,378.662874686323,1.4469039120038625,347.4249485783348,1.791572003341957e+16,97355204570.2181,0.2757215323872757,20.296215559475222,33.447076874252666,1.8717330916918586,0.15110220440881764,12.387199108146387,1.8717330916918589
30.726757103833236,1.4071794634245523e-10,1.9799785398901584,8.858592396952334,1266.6035920091404,357.0193113537855,1.5684282719166343,463.81770412932104,893068168938254.8,641457464957455.0,0.7869743167195882,24.007765563899593,51.620947959144125,9.753001170309473,0.49498997995991983,19.703431514106992,9.753001170309473
26.14670504529209,4.575869955311278e-11,1.7119178105885786,5.722527722301466,3098.9185124125734,285.5209956707981,1.574137941730728,619.060139146389,153234664642.69647,595735729061.3073,0.0,22.783886087769,0.0,23.291454843980954,1.0837675350701403,21.491190767652544,23.291454843980954
31.670889726024637,1.4211574747608682e-11,1.7497057510446368,2.724603638583958,17108.725734808624,354.6067978959365,1.8428525854291813,229.5548742587596,154083639801257.2,285029364836044.3,0.77212166528891,16.93332470595331,69.9208817721334,9.141866428153872,0.5965931863727455,15.32345094944166,9.141866428153872
27.474198457969887,4.923102928891368e-11,1.027182133497585,9.593449880959433,8318.284312086636,343.5560354010185,1.7719973613474953,418.96775121726364,71912258165499.39,1401927929272.1765,0.5245180993719879,20.65109485690177,47.870976680244,5.185323409492823,0.3074148296593186,16.867512264256316,5.185323409492823
29.84263527262185,4.0235085280676264e-11,1.8880586950148697,8.155173237948798,1581.7113203953736,337.86092968125246,1.470513649975007,683.4077487601588,2.6143042310824556e+16,2839765936836485.0,0.9333572448720413,26.646494579596798,56.868070764151256,14.143486573964207,0.6174348697394789,22.906847778020573,14.143486573964205
27.99297828622071,3.216652323904407e-11,1.2117721634663103,1.0820136322418807,549.8209200225017,287.13045341848454,1.8949115346024366,144.43461002144414,624097561525.5519,617706496843611.8,0.8925078532105715,10.675455219412143,73.39517152889616,6.993038819791648,0.7789579158316633,8.977428276501243,6.993038819791649
29.48144130045766,2.104997642140215e-09,1.6309120077726549,8.84531568922369,5983.221151794358,332.2125092903151,1.7563748468806497,368.4356510752657,11922928441370.984,1877444757927.6243,0.725909369471201,20.817039693651825,56.208276380551816,8.493792364334181,0.4715430861723447,18.012759837665772,8.493792364334181
27.018284630591364,2.453099643786547e-09,1.2607037813359447,1.7046091541030652,983.3417614514086,364.207015177224,1.5651006477988656,511.6299217035401,1.3754910976744152e+16,3501165726.828442,0.37495918452919835,22.06124980104529,56.96306996632341,4.712024016419111,0.2605210420841683,18.08692295533182,4.712024016419111
30.590146431068256,8.375223379547816e-11,1.2166223641840426,6.951234234039128,20873.40239488668,309.5019208712395,1.6844169026921594,273.90046830969493,211696420309441.44,22544168125829.266,0.7634000970921315,18.307678046402852,67.08558020368616,9.375936503232463,0.5549098196392785,16.89632472052365,9.375936503232463
29.662012332741078,7.42401958536843e-10,1.1350797922175242,6.996696601949853,7071.323612200254,348.25881222168834,1.437035276369353,368.1033054484916,28458420505303.18,4045576198.24344,0.5361047369749751,20.94503111232399,54.6194777143817,6.133073895926304,0.3412825651302605,17.970662795462278,6.133073895926304
27.334207567380865,2.103235460690853e-10,1.7429063098580824,2.5232083544496997,14437.760067260484,334.5798285739463,1.7802108425923087,383.53359000211424,98892954632049.8,21778889211029.598,0.8316771267210066,19.719003132741662,72.09831910685826,11.824011764430022,0.6539078156312625,18.082077445450754,11.824011764430022
31.567823648994946,2.988393232510814e-10,1.528657538108291,6.09957024256979,9441.266889050466,287.18503354862344,1.657843719260986,388.9549535236261,3.3892991712693028e+16,2848039858945.819,1.048880686528839,22.91975909715241,70.71190827466161,16.99920826868854,0.7945891783567134,21.393707253658466,16.99920826868854
28.809923208165987,7.701937066108574e-09,1.4505764636008815,1.9726674171564853,858.6817754983995,289.5187538336974,1.400284064629472,359.1673966002892,4125299534543325.5,136227598157644.67,0.8098984892296351,20.062335199234063,73.45228710114226,11.934861792799518,0.6591182364729459,18.10731539862256,11.934861792799518
26.192894526817103,5.128008197723927e-10,1.154283125413476,9.422547590694034,683.4865918165934,342.6639217697482,1.5631191810820284,484.93679557861134,29754426149714.133,207731026008357.03,0.5182379882766189,20.703449249001995,46.75766255898044,5.016776383201221,0.30480961923847694,16.458720678615446,5.016776383201221
27.384074751967148,5.216456122708578e-09,1.500209649313352,7.609712847585959,15829.251625708135,379.8828610954805,1.511972832796979,272.1354481380729,3181255279279.9824,69198921389.56926,0.44982436155971806,16.301893527155254,48.339998478971246,3.544766697618774,0.2761523046092184,12.836274180782063,3.5447666976187735
29.494668449236265,9.562414596810332e-09,1.9902780870927543,5.362377667350616,5998.66239524668,365.9970543701606,1.8664667292267525,222.31637639772634,148337301308556.22,675864106342890.0,0.3168563347912753,15.119140393094671,40.863507099198856,1.9576052955208252,0.1875751503006012,10.436378658812947,1.9576052955208254
27.81921245980755,2.0865419826697976e-10,1.985621101512008,9.853457627864536,20521.71356248034,359.84483448280577,1.534565250361403,292.51004444031247,192175069688315.7,8422511680357.06,0.8114062487404129,17.317242717335457,56.89225883077794,7.994112747196436,0.5392785571142285,14.82371706001866,7.994112747196436
29.0330169161424,8.128508042152555e-10,1.4083230226329888,7.541906741692223,1469.2640518992594,313.0676996946353,1.463612980945914,213.22732601735154,1.2680175765314722e+16,1330382030001.7324,0.7605939770127866,14.694479749608954,64.71806413378313,7.233235660835162,0.5523046092184368,13.096460793747264,7.233235660835161
27.367206719317004,1.8968076829481898e-09,1.5539811258168594,0.4073289119482762,1357.447101970412,297.70014111213413,1.7279364304914202,265.0186243781517,245290469937.78827,2424068702.624739,1.0000303267478112,16.049418602850338,79.82604064766782,12.812003952255496,0.8675350701402805,14.768283604008992,12.812003952255496
29.49036378775229,1.1619043218240382e-11,1.8487921131360887,1.722891768721301,5165.741507552479,324.46880280107456,1.6214257606159512,143.0782854160275,6554106608123802.0,1783887216332205.2,1.029801102634997,11.182335317297719,76.36236803123883,8.793570527262794,0.8519038076152304,10.322257570228498,8.793570527262794
26.06610000430537,3.4340967544666455e-11,1.9039041887954788,5.585037405440571,631.0723561293909,300.2790452609159,1.729993122118557,534.8900933481239,394967036558770.06,4699359388098891.0,1.2283446669509628,21.49316777420482,69.43672089141786,18.332001189017937,0.9691382765531061,18.91577459330015,18.332001189017937
28.964381621970663,7.9582162554436e-11,1.4772329099757964,3.7247296779327876,888.856771572893,284.596324934014,1.576106246782562,526.8456086258454,129011022477.83174,1186450414618.2546,1.141870272386467,23.862003419025744,75.85066697962475,20.66726814677097,0.9430861723446894,21.914506598467305,20.66726814677097
29.86405640869921,6.77972889027128e-10,1.776648435888716,8.143093213466017,8383.235025221316,290.27976961447496,1.6375112220021801,462.04357449256514,2974378497754.5024,1985467230.3150747,1.1987255998580137,23.439928473188445,69.87384401638481,19.63318226209126,0.8935871743486974,21.971199705726708,19.63318226209126
27.34154192525628,2.3157048498039116e-10,1.4139303190546009,1.931336417006184,14087.407757722876,372.56866687367244,1.5006741595263575,657.743749340333,127986969255.7823,2983577401029150.5,0.6302337917771802,24.285771550300105,68.96852048472645,10.556124419820355,0.47935871743486974,22.021346511247312,10.556124419820355
31.711572740485447,1.0868149129543057e-11,1.763019296776748,9.707975411184465,20502.387505031496,377.0710161196213,1.6751617528488196,146.89368393123297,1.255264326772902e+16,19806046332414.453,0.6156777241299182,12.266379470207479,54.031470108128055,4.0805304271394895,0.4038076152304609,10.105134903933527,4.0805304271394895
29.688420465129735,1.7855040086828305e-10,1.5718419765211091,1.7050818350439225,9539.817204598137,287.50173073515424,1.7648903835218959,609.3870535749124,68361575850023.58,3705207738283.971,1.1047449811407677,25.789694165741743,80.69338189204286,22.99037983470284,0.9352705410821643,24.581528899757267,22.99037983470284
27.87328563753247,8.097962311079929e-09,1.7331244745595453,3.816087822343381,707.3181013216004,301.95795922020915,1.631961143055025,665.5410401886027,2540259443627634.0,32114875095.776974,0.920185999627621,24.708052963518057,68.24161629304908,15.515416893314413,0.7034068136272544,22.05752999932733,15.515416893314413
31.157366800513387,1.363331813153827e-10,1.8517221827525185,2.5686560602150834,5461.616776506168,372.6670488081282,1.5289470045738969,515.755954351513,8.392197960929669e+16,11328906975.265192,0.6311533439018225,25.556988478431343,59.57103209927017,9.609033095880253,0.44549098196392783,21.569534479731203,9.609033095880253
26.530413744204047,1.0533812344990588e-09,1.3397359477490305,0.898195878192593,2822.352379127141,355.37706796439556,1.5425612002075944,301.02812650308084,1.186305117527913e+16,4370220861525.959,0.4614496812094154,16.798011170740477,65.40333094129149,5.069697928209891,0.3464929859719439,14.631459029362263,5.069697928209891
31.056391812838832,2.1835768253978922e-10,1.9529751615601034,6.577786979233821,539.2594080391962,368.5092988226801,1.6446325954153989,184.98338078374297,824405352974.2891,64973692058032.42,0.7809744906790809,14.120674902189162,60.10365629225689,6.628163232533469,0.5653306613226453,11.724400755172635,6.628163232533468
26.284235040376938,7.240712350472256e-11,1.1397875904698682,4.522558810249386,2131.608993884454,332.1876434688856,1.539818164551265,119.22615362690632,485642447550957.44,413072249923.43085,0.6222570823877936,8.601628727287938,71.31560797875954,3.817113999343574,0.4923847695390781,7.752299086985933,3.817113999343574
29.908009992440277,2.118365585735296e-11,1.0137773552940503,2.6332836292758692,2588.777027002263,319.4071974168467,1.805151277636733,326.7025865156944,152281476008009.3,14276085723474.488,0.6399629785828417,19.82230676202339,73.53223583790157,9.327963012098442,0.5054108216432865,18.456199615531812,9.327963012098442
26.13098834987487,3.510751827096444e-10,1.3448312593988379,4.328545251295896,501.85100360361395,358.28205656486455,1.8712021254042612,113.36129237776001,405729491683131.7,222284137019820.72,0.38232716852099385,8.150663633349081,55.990602661745335,1.7447904414149034,0.26833667334669337,6.502243691307221,1.7447904414149036
27.708845531899335,2.304977840744793e-09,1.6323550507663014,9.305793796256486,28974.07785152689,284.23461139987046,1.622468880513503,428.1926725469309,759380427385.9055,225943999984.84448,1.1002000429381997,21.053241170970686,68.58276026147142,15.88567171027587,0.8050100200400802,19.73350804935937,15.885671710275869
31.925884686538772,1.1186426385723232e-11,1.452507931524384,8.458015292838322,1405.4083368656497,327.97985027551533,1.88902287289399,384.9261018854223,610278222846.2239,2301709136.7120852,0.9485328980805724,22.938608568982662,63.684062837517075,13.856394226511453,0.6669338677354709,20.77626417977529,13.856394226511455
31.67249943463969,6.272320474182445e-11,1.504063906564551,1.0888773076816924,2224.8986940193254,373.0105519250124,1.6512064968154692,682.6810910813967,3572842101883.5337,3402645287327.6025,0.656785230548342,28.40469588005962,70.43562329470522,13.140318256672048,0.5132264529058116,25.60335341694398,13.14031825667205
31.15718475085595,2.2118570913460031e-10,1.2794873735701895,8.58365856149524,1904.4910573447366,333.0723291060234,1.8882635332075728,211.88997685351833,6432855859712.419,1650012371.4992278,0.6431933101290851,15.711325325478393,60.5658655775612,6.120434695093661,0.44028056112224445,13.901214896912778,6.120434695093661
28.351026259460316,3.9861192931855694e-11,1.6800349354078914,1.9769502959053533,7073.3558088102,306.34754281893174,1.5776089170605998,309.3163912278385,1997609068855120.8,1843167661008.5242,1.0987612041316932,18.2350848713874,78.75597411860586,15.779549975580807,0.9196392785571142,17.1584123726625,15.779549975580805
28.1677933931161,3.6130016268304592e-09,1.5719506256412026,2.295542048524379,19961.01202549675,314.26502960336404,1.41948968876866,396.76013438467174,554151262038.1228,46694432976.36968,0.8954269388259345,20.659847046444792,76.61814985731111,14.17388544734249,0.7294589178356713,19.43068362149424,14.17388544734249
30.48266523612447,2.46749022072777e-11,1.8069442243540357,9.381691423683346,5164.9271563224,351.0359192022829,1.7567933049537086,695.6847743622669,11200297880283.385,13803711017.379805,0.9389578127947531,27.433936183295817,55.759058297029895,14.363147963318944,0.6018036072144288,23.866835943044133,14.363147963318944
29.11500340948593,3.978775449252559e-10,1.1779124882961445,6.208472306142568,337.4811085156897,372.76684024542215,1.5322871389106307,123.73612503411508,446166181811.1073,48055448842.4351,0.48655961680957605,9.662339375555767,58.341652908389996,2.7428185458920273,0.3517034068136272,7.79866925584115,2.7428185458920273
27.643437011636273,1.2543825346335043e-11,1.2793548121937293,2.090829017636125,1808.1808060488443,318.5167737355969,1.5695038703014395,296.75433011842244,345451964257.4876,1501186429.7809365,0.9058219178525819,17.34331090358724,78.51372428838216,12.334467727511559,0.7633266533066132,16.15883275407789,12.334467727511559
27.2126858009388,1.861865404111699e-09,1.990809765551122,9.299556515561825,3224.3242610114676,333.1823855777934,1.5572907845179211,564.3636631825938,3877395729077825.0,812655545089551.1,0.7874160623088174,22.996505750761752,52.3065209683811,9.471569621767987,0.49498997995991983,19.134871422114273,9.471569621767987
31.373027463181305,2.009313696737091e-10,1.7668755681071975,8.10270754219961,1308.938509445352,372.924224400615,1.4471707513198275,696.5615074979697,4173921807867080.5,4496725087.368198,0.6919691120183921,28.10356279131842,46.91166359907912,9.122816172044965,0.41422845691382765,22.023634590471396,9.122816172044965
29.937377888630003,1.2663047407799826e-11,1.7701869494441829,8.032384632258742,5067.812124179634,365.6860391916571,1.4489416401074298,265.55430522448796,30553792829227.125,1982465644.1680279,0.9471513058998531,17.556196302626283,65.0873766352326,10.822972579450939,0.6851703406813627,15.796031930816083,10.822972579450939
28.689296525426997,6.246552124942092e-11,1.392735012101753,4.366005793524604,18147.77837737566,307.0340970527639,1.846871564358136,355.58257888770953,9265019210984.424,3292944001583.9795,0.8924186705765107,19.915276658693696,74.35122011980559,13.214267418279036,0.7034068136272544,18.786095275559088,13.214267418279036
28.506459718177037,5.917209409151835e-11,1.502679324796067,1.6876569841725464,1599.0420555594462,336.57902193740904,1.6067041221949292,594.3474166304779,3470008744395.272,6143290491112028.0,0.7974646236350873,24.549239745829468,73.85760626930814,14.45921453890025,0.6408817635270541,22.56143857070427,14.45921453890025
30.708332125108107,7.994274894109508e-09,1.8381365548303041,1.5926184733460982,3572.071812187274,296.99785211957857,1.8091136763136286,450.4972895099775,3807990762043.55,3215087552683790.0,1.0017971886126902,23.857088901305694,77.51656177665673,18.52643081585997,0.831062124248497,22.29247402245991,18.52643081585997
26.691116319885563,4.915720825832697e-10,1.7210405546667253,0.7767156658578316,4962.63194035672,361.59012154630943,1.4337636572090267,407.34578266397625,3559123588524.9478,43698965989278.61,0.749451924057396,19.822490100043378,73.20526173820792,10.875376132607274,0.6018036072144288,18.07130432957386,10.875376132607274
26.71206420247307,6.473725672650696e-09,1.8947285817147317,2.02254931478195,1401.3020867253024,338.7634974653043,1.7590311683171251,365.5936090961549,866458829665.9958,5358712490.889872,0.8121962025766168,18.788041801448607,70.59581764782786,10.772622591504163,0.6408817635270541,16.809064018638455,10.772622591504163
31.99859202148606,2.3230382692189423e-10,1.8725317491484983,4.927284845365322,22116.44283039715,288.77593827715503,1.4570095956672753,657.7793126345346,4.8412584750846136e+16,159596047755.469,1.2548570843375808,28.420372673437356,72.67348624591415,25.917913119564663,0.9717434869739479,26.67155835566667,25.917913119564663
28.13098932196323,2.276935375287206e-10,1.4161616800672907,2.0624431164040478,19803.901969393286,305.3307600705644,1.7526362047388258,140.29340664098373,170807914115.91486,37680209435468.086,0.9101233886868532,10.50650327715128,80.91041354003866,7.736827186994585,0.7763527054108216,9.96560858624238,7.736827186994585
28.03409514543956,9.255037401386256e-10,1.0940212021688303,9.50854352317546,9931.822145036544,367.62672330257993,1.4682352770222553,292.0965813357216,16220527935139.615,5757163167980.263,0.4114207276152276,17.41296314053714,43.470858965045224,3.114275795399181,0.23707414829659318,13.13629435252909,3.114275795399181
27.781210913044486,1.5201702412781844e-11,1.3688783807374707,2.6945832833473653,1870.0042041778079,299.6959542620026,1.5309481872823676,476.1714042593613,21326667965039.875,261627717406.31094,0.9839342360965815,22.068441844602933,77.69590751689199,16.870808141295992,0.8154308617234469,20.68944031090366,16.870808141295992
29.203433796334238,2.0681480389804462e-09,1.3788679563479573,5.957691027047238,27064.8267093948,332.19801141180506,1.8548987882587722,576.2035745538561,225067138780.9202,1008537614388.5841,0.6857271054221323,24.919395990964194,60.513713007896655,10.340525961260477,0.46372745490981965,22.29871415155133,10.340525961260477
30.189910447211528,9.122959299625223e-09,1.4583762911615126,1.1092974504420465,4207.4440492878875,292.656379212396,1.7757597801396967,404.6061984770667,2190726744981233.2,1217678921095043.5,0.7959109611515018,22.34729792495329,76.93990047329336,13.68488413745358,0.6565130260521042,20.8448021507611,13.68488413745358
29.773688102976664,6.875716915339915e-10,1.7545702954396312,8.456059014236141,17302.448790766524,283.6430195682883,1.6780951483988946,229.76158587853087,1.4523635627455494e+16,34576720267801.746,1.139390549779712,15.923274118268536,71.97264025628074,13.057872366114646,0.8753507014028056,14.91730382484251,13.057872366114644
28.52133487419463,3.6670149823472804e-11,1.3390236259198265,7.097021406494201,810.4366830848701,289.3582945338373,1.8440143791137755,558.5262097480701,1580409326577.996,111219465603.02487,1.0188305632887364,23.880006690138046,68.49513154218789,16.6646467769656,0.7633266533066132,21.831606042808705,16.6646467769656
31.832421062785315,1.3321510157980244e-09,1.6105220042138249,3.214759157156478,1253.8635811083213,283.95236186902304,1.7642409334509657,125.90513503413072,106940947258.7286,127780803597040.81,1.0999931852829554,10.882513709051613,76.57665247768924,9.16675438399512,0.9404809619238477,9.7468792619083,9.16675438399512
31.69324254289475,1.859983720962877e-09,1.4716401906243788,4.963243445696556,2356.52930733293,312.46436671103334,1.66085710709292,358.690574284669,388156872758354.44,1935711202759488.8,0.733648219230723,22.059194594982074,65.25420518789201,10.56053751758112,0.5314629258517034,19.870694650350597,10.56053751758112
31.970056503942864,1.7227801916615218e-11,1.3846834726613415,1.9709207185147328,1600.4457143182851,308.7473018548423,1.4872685658133942,558.4456320527743,95001936287078.55,2720940691370531.0,0.9155321493566663,26.96737121124108,76.41742707749141,18.86707708771331,0.7503006012024048,25.146024216797382,18.86707708771331
26.195554659482088,1.5883054985917693e-11,1.403273582930344,0.9867177399595639,1060.3742988203605,378.60297430766235,1.5044798037423068,218.87064484725443,276594801075287.88,3061879080333.9424,0.6142507581636029,13.553608166709004,69.23895889137948,5.764360801913558,0.48456913827655307,11.895847974172314,5.764360801913558
29.482629783217067,1.3496023774307653e-10,1.8267623598949472,1.558089404136136,2273.9729366055417,348.9761848444087,1.8341182201414497,321.74296381405463,254960906490058.44,3047751930.646376,0.7881972171099122,19.381553013080087,70.6714325630037,10.796111606206187,0.6200400801603206,17.411957632504485,10.796111606206187
27.021914528670973,1.6121835570739773e-11,1.727880891998522,3.022987693476979,8861.160040662391,286.63982790432743,1.8312739002041627,601.3181188666549,341642946120.58264,1466545512.0293317,0.0,23.372955083545563,0.0,26.872401780914696,1.201002004008016,22.3749849635849,26.872401780914693
26.33773287789195,3.63823308964757e-09,1.2347034890518958,5.573078515010249,2251.5853091016097,359.5525526228602,1.6444491507353352,400.3965043967618,8.601053261158102e+16,11243639103.48333,0.31706053877712476,19.141698266944594,40.98226021139465,2.487244996447432,0.18496993987975952,13.446752472668132,2.487244996447432
30.98422363247559,1.4297142203361991e-11,1.4776487695729708,8.886081274543631,6767.494807296971,348.52146193661326,1.5316586411282427,351.1448748168725,15830199241337.082,4467889988829.601,0.8282905546634475,21.34434766603962,60.077179736652596,10.621237794167609,0.5575150300601203,19.051034001760016,10.621237794167609
28.773367580862008,9.565222034698359e-11,1.30548061237117,2.6583583382201974,1698.6131964235835,294.99414779340606,1.8360521510017869,461.2716351000564,634919336247.5253,71947438969172.39,0.9216828032531866,22.554608494428553,77.46002121523607,16.10254008950409,0.7607214428857715,21.16745917982756,16.10254008950409
31.08599880798784,5.1594928643748014e-11,1.150600594337264,0.28444911991077015,393.09785833296644,356.2251348303512,1.893593166020847,126.92819348576596,3079113901571375.0,3184455327.7662725,0.4506056921876894,10.71637052603528,64.72648974489937,3.1255499924784846,0.3517034068136272,8.886891431605491,3.125549992478484
29.552796949422,1.8544957709399184e-09,1.3592043972677377,0.30716026688450465,4902.060921565119,379.12446281400275,1.5288087114192477,213.69476631232948,554058161408.9147,7705296220774.867,0.46671630248579704,15.055957165829895,69.19134009355332,4.86197905634471,0.36472945891783565,13.330371148989068,4.86197905634471
29.57867059616164,2.381291224477018e-09,1.7530732736205097,8.946906648991854,12928.418341507862,304.7267083079444,1.6779387024378805,278.447175456148,9521651399197.488,3338955143157940.5,0.9192289844743463,17.87440008643254,65.49579788759763,10.761396213817754,0.6591182364729459,16.32695868256327,10.761396213817754
30.09137543040244,8.390179258573265e-09,1.4169125367187445,5.466888218868971,2980.1000161994803,290.7287057523727,1.5183509972633016,416.58181636268927,253656403697.26727,3313092071354338.0,0.8437482845355994,22.544544791720245,69.44651627983399,13.210061459592264,0.6304609218436874,20.953021831966115,13.210061459592264
26.743062091660224,3.9259271747257654e-11,1.7653212239386367,1.1499585095352745,19978.192765453892,352.5700970722536,1.4343104285544293,515.1082367713917,616270321011464.5,200191682310794.75,0.8716085301688172,21.938762585461532,73.97467651707487,14.14544697242076,0.7008016032064128,20.184666969510893,14.14544697242076
30.969187114936016,1.4290640349008673e-09,1.586176295270972,3.3601405221014216,7844.175896634592,375.6971584630779,1.693760890264437,498.60692106055234,41953505332656.2,196266269696191.84,0.4130869113968877,25.04179266961042,50.50433121890795,5.224388619016105,0.26312625250501004,19.855064134722287,5.224388619016105
31.986004354031813,3.0280843747182444e-11,1.2024052795037623,5.486490034911017,2902.35675543828,337.1569784506719,1.4245370238621364,342.56587379826937,314680312217887.8,12483588921834.732,0.7059623040140971,21.734458635462172,64.69121346328274,9.926031215548422,0.5054108216432865,19.639530438376934,9.926031215548422
29.94400377061024,1.447598375294525e-09,1.6415472033408567,7.944382922816464,5617.217877439089,333.7507662537204,1.7030982144439053,160.7160200519994,4354509519930.287,4918112565288.88,0.7387676646110636,12.401790115985317,65.54917367200237,6.005642508490143,0.5392785571142285,11.13643854231357,6.005642508490143
31.237923292410244,1.0893179720242919e-09,1.0904080784718975,6.004294514355164,877.9625177661329,353.4016559788723,1.8137204262543736,456.073763553984,353326050211291.1,234498518054.16522,0.3914885970132308,24.211613577253047,44.14049726855569,4.183888210379901,0.22925851703406813,18.249652246324917,4.183888210379901
28.677500126967857,3.911335425337386e-09,1.7233203309671565,5.293585865019263,1723.7122676010713,285.03797382885546,1.4715037006631926,215.8151137236224,17390067172484.346,4064485041250091.5,0.9884354928091181,14.665020094214194,73.49087165992059,10.652815185637511,0.7919839679358717,13.450796502108094,10.652815185637511
29.03092036915249,5.064312421110723e-11,1.1057501374615142,3.515394141109048,13535.0938394759,318.3342793410508,1.7862529030112066,581.6229856761273,462300771490.62256,18222932579417.797,0.7122134023892536,24.847362823592384,71.79755896342395,12.705744637515018,0.5444889779559118,23.33517325771069,12.705744637515018
31.754576380226666,1.6084746648829044e-10,1.0509440890030222,9.248366364527211,18506.852478846595,332.2141447209002,1.6761265601720048,227.04466166567494,8254761562807954.0,3091720807072.576,0.5451927145819658,16.84782270179484,53.43931243170979,4.90856661217275,0.34388777555110217,14.273745568031483,4.90856661217275
26.20326677085534,1.1195535447147636e-09,1.9504962698027062,8.325674805388353,1133.4341154663964,285.33250849333405,1.8701757062690902,662.2376349278209,156491919760039.97,31348869336765.35,1.273146542237526,23.151378192740985,68.13999324904553,20.084329170083972,0.9561122244488978,21.00624660631294,20.084329170083972
28.77560036426485,1.8167539005694702e-10,1.1194484359287005,1.148178403938741,923.5582525600967,363.66407464065446,1.4729161503678398,236.01919114882642,195742150768070.62,32056678862.195713,0.4936336933229751,15.653693284893656,69.20854305355347,5.347875915830684,0.3855711422845691,13.870010821203284,5.347875915830684
26.979240108306723,4.897209971266686e-10,1.3680932709966154,6.3363610012365985,21106.23069835146,295.0993131435068,1.856716829906532,641.4939804537512,9430299807406164.0,26242271306334.414,0.8801758119683813,23.79250001977439,66.65950597907207,13.959555787770746,0.6356713426853707,21.96033523990417,13.959555787770746
29.720879944793285,8.272522933560153e-10,1.690495551217813,0.36152556584233875,26072.64901667343,338.560376146558,1.7907329197012107,326.3691034368179,118681570183.39857,3699496485963.611,0.850470945883263,19.7069200016629,77.83584614008664,13.045414603204138,0.7086172344689379,18.40967728223661,13.04541460320414
29.043140715895575,2.046293218268928e-10,1.3397170541620769,2.6482956605352763,3589.961152131075,317.5278139693494,1.8849659415249043,203.75638466015886,8279295925054.119,114215040072.92836,0.7535336134451504,14.306884803815478,75.83466166445506,8.175521477856982,0.6148296593186372,13.29721387695774,8.175521477856982
29.25985505741574,3.1465944399202256e-10,1.643740465424273,9.510017351627237,1176.0943699753109,349.27715692549964,1.4125201015025917,257.4330836401747,60578479429588.76,1648023952.0954196,0.7954264274797583,16.719513767178242,59.31172100407138,7.887950654384756,0.5444889779559118,14.486887657482496,7.887950654384757
29.706016763321834,1.0837567744077972e-09,1.7467317148380466,5.2624301474615205,5103.749259943373,319.6065251278487,1.4206265162532812,159.97111346470783,851090112617601.1,9308658481800224.0,0.8063192246082036,12.264764078984506,69.53507498628177,6.876542644109103,0.6174348697394789,11.13727614219553,6.8765426441091035
26.094819434979776,4.707068196746615e-10,1.7510087528825578,8.302393314536012,3894.1242319445714,341.9915980184105,1.7483624726372766,615.3797498160584,541673043337.7038,3042813776818220.0,0.8067934071656734,22.691238938718747,57.756802365740036,10.57361980999731,0.5340681362725451,19.798259981946185,10.57361980999731
26.15610442130942,3.2255163887551094e-09,1.0767404265596974,2.1073564737282386,321.9498986872404,324.5256705536041,1.5671796133586962,199.5957468922164,50879280925889.875,655535449694.579,0.5037572975754878,12.626355777584319,66.3318993176679,4.219119301341602,0.39859719438877755,10.584919715281346,4.219119301341602
30.605966196192448,4.779593019842091e-09,1.6525672517670817,1.419221809519934,1232.484849687195,371.33182968322797,1.4443672465039445,344.1135036344959,4.518847814170088e+16,4514959825596210.0,0.2994226580227075,20.75970813663039,48.18310112186251,2.9950263872747676,0.19539078156312625,15.328391458975476,2.9950263872747676
28.467219062293353,1.00505693430143e-09,1.456745598353999,7.583913286476149,365.73174774781575,294.41571489213584,1.7070994017717995,239.53135746583817,991548120403160.8,287448794886.0798,0.8998000897004379,15.338022332727498,63.40087345989567,8.750052101641241,0.6877755511022043,12.722249413516842,8.750052101641241
31.31987334876693,2.8693145241065412e-09,1.492837800068782,7.7743718535296065,1102.2389976475363,329.4259776811863,1.498741025931639,616.5317011125964,8677721330178189.0,2065606915272899.8,0.6117806094780605,27.109783817811707,47.3713183640241,7.8566468735190815,0.36472945891783565,21.541026318055064,7.856646873519081
31.264861887345557,7.564649080684564e-09,1.228336231631926,9.331878049794092,4389.614509397628,322.2495083918152,1.6801869479839364,305.56141399016667,5386641116595.592,48887785571.68309,0.5814418266423215,19.931860589859973,52.31959843114055,6.063432020556048,0.3569138276553106,16.98850408903688,6.063432020556048
26.49456793674276,3.0881237215590746e-10,1.8877616757138873,6.37548929888897,3482.9822845049316,322.85929182509165,1.6322008131585959,225.56640854317055,8661941835906538.0,24472635566.738064,0.958688153727663,13.977437285051987,68.91255384061884,9.234284657352239,0.7294589178356713,12.659088033018593,9.234284657352239
30.299736540363877,1.9052634426486668e-09,1.5748690420277343,8.656678474557319,1208.0939373908607,368.1617221242863,1.764705229799652,579.2498966570565,971579308503404.9,840235678714192.0,0.34764147419246416,23.81807244741823,30.98134499375009,2.565301781127392,0.18496993987975952,13.868749607611793,2.565301781127392
31.958593176305815,1.8217490997140975e-10,1.8139156837095705,7.49688164327673,2545.307935024613,372.6948999732512,1.5972129647862974,439.2795497657425,432169528147.4651,38056282165.11842,0.8301415034064914,24.49573490675598,57.45950579029593,11.68434809880161,0.5523046092184368,21.15562300907839,11.68434809880161
31.044177023202565,1.5475980309548638e-10,1.3940840894152582,2.610613978268079,3042.4305169503255,360.58169613506226,1.8475820588868697,142.06865922651033,281141130884239.88,1866008317576.9358,0.4818734969789259,11.700081279770295,64.35491643182067,3.6283038551797477,0.3569138276553106,10.165769925517655,3.6283038551797477
29.68569110282947,2.1969848429590334e-10,1.398644820853415,4.824430981808996,4613.157236541932,330.0983211031777,1.636072225510323,590.7011859748484,2977748039796712.5,245272839711.47476,0.7362764991426276,25.514976286475314,63.45903283011934,11.921463034855996,0.5210420841683366,22.880038670742856,11.921463034855996
30.803462705091924,3.6387482284993126e-09,1.1534922053741905,5.910288124961436,1176.5868417824206,353.91723219267226,1.5193926646793416,502.8421145038191,3394282119494.898,3784481129036.729,0.4612089752596312,24.91191966432373,49.57439175664088,5.695899781336228,0.2813627254509018,20.24397429406537,5.695899781336228
31.691878807497154,1.392908585837304e-10,1.8757384859632076,9.872056895798167,17770.583886307137,296.5866029723343,1.8098291097675814,119.28963706033676,22898725035875.316,1244897552839047.5,1.164173603128663,10.39204200966989,74.83313011842189,9.053417589152767,0.9274549098196393,9.761571687526427,9.053417589152767
30.132513276559518,3.9647999755121866e-10,1.3878640250826204,8.160510075408803,8300.739942955463,326.8405319615673,1.8462421686048298,237.96881069117944,1052807705666.682,31595581325455.25,0.7252068917764272,16.484910116583166,63.65085369399755,7.609440735562005,0.5106212424849699,14.902319179927161,7.609440735562004
31.83196605621062,5.517847836227973e-11,1.2496703789338266,1.5670887100294613,16638.99573981178,302.6397540411334,1.6515892633624438,694.5234868013227,118262050701.41902,7859639626142.212,0.9094971478807319,28.685588708236597,80.25761379269429,20.938778942609666,0.7633266533066132,27.4309548237391,20.938778942609666
29.073734256229674,2.6444912186496296e-09,1.3552815395527769,4.2213453172106075,685.292472186873,354.08152316357865,1.792354454594074,181.99799246729816,22947873328714.094,1779651510484792.0,0.3875523672208757,13.139138476245655,55.874223122640345,2.8451736733592075,0.2657314629258517,10.706950701404558,2.8451736733592075
26.01624364205472,7.875483244715419e-11,1.5550422850525476,3.4741198246675427,1106.8541006158027,326.00374849032124,1.490761554054847,417.7751445756903,1738503333978888.0,10643014856985.824,0.8780881801879806,19.491781003548155,70.54612879230157,12.074324444174138,0.6877755511022043,17.555617417374403,12.074324444174138
26.558655985151184,3.4137038543535003e-09,1.1749778374874882,7.695157605989062,1663.9114931229403,358.27613480561024,1.5031364517026728,211.99726221725786,95974327420867.05,1700403941.1356528,0.41967041386531573,13.392145700032204,52.151037379411235,2.9310381455044174,0.26833667334669337,10.922987562410041,2.9310381455044174
27.351784032694,1.4860614099075777e-09,1.8373834783054255,0.9916965665905424,18371.956941014523,359.7517204053179,1.8348421478534827,519.057132747304,1108966440547926.6,4738628186750.874,0.5029699129855376,22.49951046504493,61.87657441505553,7.002310077772133,0.36733466933867737,19.06248079000706,7.002310077772133
29.91672334694789,5.719117163220238e-09,1.1005220014167083,3.294491882891694,441.47889533484755,374.48051719440383,1.622632732999694,505.206682405713,1.1135773452709724e+16,8649713773746244.0,0.15569313870686843,21.41518320918794,31.536135147731315,1.0514769003377058,0.08336673346693386,12.612667626647,1.0514769003377058
26.970694746753594,2.5034436317958124e-09,1.8874228981367365,0.6789786931385811,10190.162751598034,315.47253211965506,1.7242983957352158,408.42891762331885,3617874624308.656,8841980118.158064,1.0117950238427185,20.05692879660894,79.07636035490107,16.047361781676084,0.8519038076152304,18.83705840756614,16.047361781676084
26.70168339853525,2.0415902036243977e-11,1.6377900401345777,3.6438263437154736,857.564661675523,349.1885092705903,1.7434247828832334,423.50097541419865,4.071429332671263e+16,498769191974.65485,0.7566360696248828,20.10797864418168,64.45452011837303,9.806382643401651,0.5601202404809619,17.507638422387924,9.806382643401651
31.01517782761576,1.6804214781532805e-11,1.7398310940385044,9.886784655552914,15602.580522155644,337.9664719310059,1.7133830321635801,311.97372966216807,1193744296319709.0,247040229587908.3,0.9090221827368257,20.03900650512156,59.660054769467685,10.867616771777323,0.6122244488977956,17.751033614130552,10.867616771777323
31.98937088670712,3.0018483680285397e-10,1.0613040657734423,6.039407917163656,547.0768025358495,304.476504355611,1.5643899556528686,538.6179238890463,1267210443052.1196,14463407682.160683,0.6982219462309422,26.385862150992523,61.99083457759076,11.420688011905709,0.4819639278557114,23.69614685214532,11.420688011905709
26.269785454992963,4.166005213084344e-09,1.6935054243560606,0.5914753630527396,360.23392601189556,335.8674296475056,1.5412672006433554,458.03581025915724,40515859281577.984,2905279610351328.0,0.661081554661474,20.52941035861506,67.8048931570974,9.202218722373113,0.5262525050100201,17.486318135811818,9.202218722373113
27.726854089768207,1.0900241130296797e-09,1.0540543116185992,9.56743323505147,28941.09346635971,353.9074629016412,1.6326062357817865,231.9960635963568,7500635162112394.0,142717976669608.9,0.34357901967845844,14.84200503624452,40.2526861339102,2.0526460967712876,0.19539078156312625,10.50533745937305,2.0526460967712876
27.331724237365695,2.2575942094031083e-10,1.462798937816785,8.298823389732549,7373.766290914338,344.3167543540055,1.724913711281639,262.28204762948735,16992902241984.123,2087545730.4601746,0.6852352769002281,15.91192617943479,60.95759521134978,6.646458447066054,0.4715430861723447,14.095124373505996,6.646458447066054
30.72164681487274,1.9906487957881967e-10,1.4382383570875734,2.6044913963495424,829.5729125747313,338.7821929569029,1.5162765076018379,138.52531093927865,4027582970394604.0,431803383314.4829,0.6832667119979015,11.325939176240459,68.18684750824622,5.276732761261964,0.5366733466933867,9.832298909147573,5.276732761261964
28.281413503395825,1.9676816907990224e-10,1.8150448234080938,3.3442015802102083,10377.014474511661,373.9544840779543,1.7304340979623996,359.0086487062148,3067173468787210.5,1604285241499.3892,0.5220896295814449,19.717506157572064,55.98969715555025,5.763750465921516,0.35430861723446894,16.26759888288935,5.763750465921516
28.486563626648845,3.7657327097296376e-10,1.317722334809294,1.2216521195440118,2136.5054798037045,292.3856881129302,1.6052207367777234,434.1602327280702,3.839432946034513e+16,1792901032.4769673,0.8981114656287725,21.773281336554025,78.28499714719013,15.308500935855731,0.7529058116232464,20.33255780407775,15.308500935855733
29.728750439011666,2.361595757483602e-10,1.0202611282041392,2.64557212419946,545.7207969777367,301.67941457314447,1.537285121730459,340.78380122931776,149360707086441.72,1016084806.6646147,0.6752340042121654,20.08493889297692,72.35502167680754,9.812812432901568,0.5418837675350702,18.108703417225897,9.812812432901568
26.971216163772446,1.9085307288557304e-11,1.5496733992627436,3.4249337299324445,3951.8046877696047,302.1823302174678,1.4121146770437925,664.8201407621481,446528031020.8107,7727005755.506915,1.1633368896128105,24.009544618696278,78.05392101103854,21.801388166513707,0.9587174348697395,22.74016031582429,21.801388166513707
26.879280959060843,8.78677634078018e-09,1.6176602401699962,6.180841526697736,29743.796632790338,288.8438769274655,1.8872504462711444,222.40788793242456,547556604101790.2,872137493006.7732,0.9470988603618962,14.069302952597285,73.55940307086013,9.801805754024485,0.7450901803607214,13.155193844158738,9.801805754024485
28.30371088086307,6.2191350172682044e-09,1.1492277284402563,9.971276308547187,1812.3835938521934,344.87749038885545,1.88395336574168,134.56063022738488,3.444975816619263e+16,9433648656082.957,0.27676323721844687,10.031036452804088,39.59417507966606,1.099222247321524,0.15891783567134268,6.916921833712996,1.099222247321524
30.226381273864714,2.8025447221400624e-11,1.5333874308310322,6.8004344043073885,2585.202783009292,295.4985178106057,1.522059537542788,612.6356745960991,161000030014.93863,91629338038579.34,1.1516391411085447,26.235390244826217,70.6471983370511,21.3451341805102,0.8701402805611222,24.53068161233208,21.3451341805102
31.99634021908716,1.0530499899473353e-11,1.1610456828199398,6.806614148752718,416.8517884960445,338.9789983855859,1.7420000517805279,452.8878088684421,15527738841948.11,76028438679917.38,0.6549146887039727,24.524911788513585,56.9682533215223,9.150084168412027,0.4324649298597194,21.15797961092494,9.150084168412027
29.56576656808292,4.196734704654844e-11,1.5631355435851098,8.84269072796149,6818.1503117853645,327.1791507393847,1.5607920514347255,151.53172566254372,2936045601280.2183,1197587547.60515,0.9511106483333818,11.709362134087229,71.57175640120641,7.9708742307455,0.7346693386773547,10.84960785908894,7.970874230745501
31.919755505149787,4.649933654379666e-11,1.8148759426853727,1.8527198416887904,1167.35325659493,321.8277319228367,1.5622028320708026,579.0104876559167,5.573916366658566e+16,1339866058034676.8,0.9905119007286984,27.243582182163244,72.25517449835235,19.498125580422215,0.7893787575150301,24.700595746714104,19.498125580422215
26.92146720168654,2.1382871646274384e-09,1.1479469133047115,9.151134844308594,3433.658909680592,313.6381088056707,1.4785127486670964,107.08545290740277,3073844899082.649,2501154058850247.5,0.5684748717013527,8.060169101328826,67.47885619794597,3.0918836173737523,0.4220440881763527,7.325973053511407,3.0918836173737523
30.783573153633366,8.116730442733632e-09,1.100761521121373,6.003351686355561,1033.4773145958702,334.2941705772407,1.5602274427817275,270.0793301460145,277377872097696.47,19196724539.341133,0.4600593976472483,18.16493562876685,55.03874817514135,4.599560304387495,0.29959919839679355,15.352378541065956,4.599560304387495
28.814800621832703,8.962657387940963e-10,1.128182073182804,9.31982385459366,3246.7541095401716,361.9527971884342,1.7269527153105315,526.0005647335273,1980549247953904.0,1335670331781660.8,0.3193619250221512,22.236127143349012,30.349187834398112,2.1552088392509074,0.16673346693386773,12.926072245026477,2.1552088392509074
29.681632610281547,6.833629913477986e-11,1.0995096428654572,6.141256070611387,429.2453582823721,304.129345168953,1.4303535923009558,429.33255340394027,916281144581.1353,18743523542688.273,0.7499362063501765,22.26783444557699,64.82749191347413,10.825838026260227,0.5470941883767535,19.787887088292504,10.825838026260227
30.745190785179606,2.9217440097941348e-09,1.3095435081376274,5.579754420406061,4226.895588719113,327.2887182154167,1.7275569457123823,226.05227429412014,7.506879376732005e+16,4859133036.660792,0.5477770768882281,16.250960098995606,59.42636736085668,5.290077828272869,0.3777555110220441,14.003972606409345,5.290077828272869
30.975326847218717,6.057423817612994e-10,1.244854747193716,7.507615006470939,466.61832605406784,357.4417834448783,1.6949926111215068,166.45019103784097,299939303436.37744,180241309527232.34,0.5072907701333209,12.98118339708412,56.66240585625496,3.7313523118660727,0.3464929859719439,10.768911530486815,3.7313523118660727
27.757615439023024,4.6548485172608356e-09,1.762073021030176,7.042264398233618,1140.8068106516353,350.8944519021618,1.8740738422574168,154.93590062234136,9056822410517.611,43924402064.63635,0.5529840415622869,11.126698978273474,57.86629167019043,3.560447520343532,0.38296593186372746,9.297034603094833,3.560447520343532
28.359500806404,1.6865451209218722e-09,1.4742425814253866,5.793159939978414,1343.723078198059,294.1289267087101,1.533466824468864,615.8081807451922,411625027676279.6,442507577932.1923,0.9087956319414643,24.612354360092176,67.28496820912407,15.050032639472239,0.6695390781563126,22.478199003581704,15.050032639472239
30.739435890413525,1.5608899967356186e-11,1.2538910879223857,2.455010909761925,29561.6808722287,350.60985823927604,1.708892968194277,102.99097917668374,1276027436711.9678,28105353418033.562,0.6520182995629868,8.931429975464612,75.57092485860096,4.400839395658977,0.5314629258517034,8.280614096658482,4.400839395658977
28.278315958889994,5.927084939407658e-09,1.7647242191417578,4.584363913480376,9977.68881672496,377.54043238262216,1.6304904123507353,485.51553273312004,3.250780832495699e+16,55045603084.38282,0.275267724380305,21.42108414237372,35.395302426530776,2.0870957183392744,0.156312625250501,13.352061069888437,2.0870957183392744
31.31934748199767,1.9617069030277435e-11,1.6484481705876464,7.871813919546687,5360.588107043605,329.5534804152543,1.708673549962843,190.99822526766673,1965279219297.1863,77498876696.78453,1.0141488086929373,14.72802718117618,71.1083073204,10.621029193089296,0.7789579158316633,13.634920420250987,10.621029193089296
29.58667604378023,2.1169140299598911e-10,1.2444758424858395,8.851531455016886,1769.471942159412,324.60317192298913,1.6048505382744973,209.16577316605157,2453364589292080.5,1377868703716.0916,0.6725575286733719,14.779503222680363,61.08782978578847,6.072170697922011,0.4663326653306613,13.021113787121115,6.072170697922011
26.09754265935631,7.79903926923801e-09,1.8157636115954137,7.290881670099672,17305.483636726658,370.680725360555,1.5687448531922192,466.5752070500192,449621277498613.56,74318627682.95244,0.45489401982872035,20.441437890094416,42.6472374486129,3.965633488233363,0.26833667334669337,14.778574388561974,3.965633488233363
27.3317135086824,2.1964522406068702e-11,1.6593141959164528,7.853006112101643,10517.341094721973,311.6275377184974,1.502629925232601,372.16850707277314,190932896710804.12,2714000327809964.0,1.0432583004088418,19.41229359262072,68.93283079829978,13.960301998936039,0.7763527054108216,17.981906808128766,13.960301998936039
31.248938925644325,5.599831947510431e-09,1.8502623851359796,9.65289580347585,2697.7393972745663,284.7473497433094,1.441781016074239,334.16568506340593,3516596565728.271,15473342530.065308,1.1577341034321602,20.915669688754857,67.45314961980395,16.333634545573762,0.8466933867735471,19.29108553429895,16.333634545573762
31.719222647051893,3.8570810527517974e-11,1.959379272315231,7.65622063514783,6051.894440036551,347.60189600893784,1.565737161829562,487.8562228349693,1318720354790.0244,3663852890649272.0,1.0406617945244117,25.448541069277066,62.9315288193632,16.66636093792438,0.7268537074148297,22.929457149225986,16.66636093792438
27.81076003976356,5.828536719916331e-11,1.7111627981941575,6.633197437048583,2526.9569120359565,343.24462346907865,1.479746535880428,503.996984441173,4204014169851.834,81255325940.11919,0.9722010326262323,22.56826304059088,66.21855004156036,14.52893831876966,0.7086172344689379,20.503224607087276,14.528938318769661
26.973079609662708,9.93416582441939e-11,1.3312510603113281,4.650954314682239,760.0444802444599,299.3007536158766,1.670869285831614,177.3264428022851,1359508877772236.2,4051630959632631.0,0.8270113154269831,11.964213741220128,70.6202650245438,6.987550472777,0.6669338677354709,10.477126460083303,6.987550472777
28.56077372998627,5.050285608604564e-09,1.0983165911258643,0.6209847482813169,8764.714116273544,356.1021572981497,1.8215291204828756,134.09060703998887,4586087427883915.0,432285959051.5549,0.2556301841201272,10.290515857283788,58.1965729432885,1.530899530629402,0.18236472945891782,8.394712810813974,1.530899530629402
27.82002579609319,3.304241367306478e-11,1.996015755102527,0.8239031753248636,14256.602118018462,343.9494435490528,1.7675402221309335,527.0302719530778,1.4145128933952436e+16,19343920069.904663,0.9523189207647259,23.016901991689174,73.8858605309507,16.19536041295051,0.7685370741482965,21.072972219197666,16.19536041295051
26.004947701008113,6.245762518821046e-10,1.353858639323334,1.4131158449479493,745.2079994783984,313.17493124592227,1.4351166854433515,134.1479212770705,3.1344224481257836e+16,153009799293.27664,0.7278822783651888,9.358551702603737,70.1298417545021,4.777191476395926,0.5965931863727455,8.007452289961595,4.777191476395926
31.89338418484151,7.818096469333869e-09,1.142571282327114,7.206258168382671,5030.484072239144,349.06470731051536,1.4480955000072373,213.1360471807348,288291586884.87946,16941015371651.855,0.4840430201765965,16.196736988321163,56.02209881109461,4.392086322302292,0.3152304609218437,13.932937538644905,4.392086322302292
31.919546455094547,1.0374176032481794e-09,1.7107615350219296,9.848933407124155,7178.324853518751,284.018157262847,1.8335028004282987,318.8069742272778,106213991315.32239,3553360275905.923,1.2367204107596643,20.861917794902705,70.04500682107286,18.071863602838867,0.9222444889779559,19.59552355023163,18.071863602838867
31.622090005257583,5.915508211924484e-11,1.49151317305284,1.9030135002674295,412.46332964525476,288.0544946713113,1.7635054529806777,618.4446824452895,724090809947.759,104286952042.40329,1.1378758513688614,27.47095394082635,75.12296156939001,23.482337312830808,0.9691382765531061,24.23012059367778,23.482337312830808
27.170176805868962,1.2038360118583092e-11,1.5534313698869835,7.059237267348947,6248.200564710014,318.80535473022474,1.6775051229699525,156.4595839817348,842989785542.6942,3330905693488377.5,0.982473381943549,11.029214493169425,74.74431380836278,8.099226322716424,0.7867735470941883,10.294228056636515,8.099226322716424
30.569046486919383,5.864314962356316e-09,1.9166802844993671,6.564047647655859,22723.608391050388,321.67041030824635,1.4018081223924703,137.54266950769562,453862137562.8656,4650227201.998761,1.0047664707733583,11.23862015035905,73.36384321282078,8.284383616713658,0.7945891783567134,10.425996027087303,8.284383616713658
28.110214345101582,1.2700254426057132e-09,1.7906488066004949,5.9840900885773225,620.6865708572584,354.79016021481755,1.5774009595687994,107.79600920307774,4825382259505.372,206159750043.5204,0.688628326977133,8.40398140703957,61.6675407445719,3.5688360395122407,0.5184368737474949,6.883839133036755,3.568836039512241
27.645473211308616,2.7265311236045885e-09,1.7599263975940902,7.016409898043887,599.8051039813226,360.7833909706282,1.7385879808316618,216.9026118888351,773683939553076.6,2424272790152.872,0.4571902714468076,14.03907444912003,48.56685754917462,3.1172774759402864,0.28917835671342684,10.779774500999327,3.1172774759402864
28.63610037113735,2.1695491356447285e-11,1.5183042758451655,1.1793317279291637,673.7624053291116,293.2546314274763,1.8770541395350038,270.91881426633404,13527761615538.207,179706689602.32553,1.1027915295814068,16.999378942984574,76.68749844271044,14.376429800331076,0.9561122244488978,15.036341375739271,14.376429800331074
31.38950267106886,4.88537306910035e-10,1.9191598989333118,3.139264077113377,536.6230815433233,335.62184527241743,1.5727684958950086,581.144100094449,1.8903423037536532e+16,2032425224658.6887,0.8551326437241451,26.709476613666318,64.24924248549009,14.674620369402657,0.6356713426853707,23.08523191781818,14.674620369402659
31.82815414451305,4.560778902663993e-10,1.2709203933863125,4.991960050373891,375.50920267352876,360.40011602630676,1.4507175254272104,285.24909310180294,246546750017693.9,1999060231.317926,0.5464803519462618,19.272460974754615,57.46754435129711,6.052493986583559,0.3751503006012024,16.133517624493567,6.052493986583559
26.47590139508869,1.2256009046093528e-09,1.0717770930607688,4.87541208922429,1504.4967947693824,302.8079407956416,1.4943894489318326,558.0467762395476,5.1198019202198744e+16,9577633085.72059,0.6642637567637614,22.28275848815993,64.96062957075917,9.615231297044508,0.47935871743486974,20.05853017234619,9.615231297044508
31.75808731504476,6.085377304133885e-10,1.641660405363257,7.1572785057973025,8095.390088225545,361.9811108185688,1.6417343256738486,420.0151525088207,8769241183226.744,5455105529.6375,0.6591743121153588,23.904226459707473,53.65901712011453,8.455079248134863,0.41943887775551103,20.158072359385077,8.455079248134863
29.987841145557315,1.2613334336739546e-11,1.2756350510833683,1.1234526715717827,761.1220690024857,343.8730912897381,1.714238315102459,352.6329477974273,347561656905.9384,1080481698836.3988,0.771395620630902,20.70057468297698,75.33144681688806,12.02917602153859,0.6408817635270541,18.769727438235638,12.02917602153859
28.11646923114976,1.4500315726598387e-09,1.5790266081990518,5.017344519902591,2978.270670160199,376.6296887260419,1.7781471108517253,398.1877362760767,75047404583927.88,1532334956.7323136,0.40573275124423086,20.563845868891413,47.00723683011114,3.9220139070051236,0.2501002004008016,15.68177034932337,3.9220139070051236
31.65505557991884,9.068217233290241e-11,1.2559390818807437,9.994207468799178,8657.237719805147,284.7363773299288,1.4309427385127882,115.30093837611872,396016605707827.3,3169213523.3304224,0.9025052975536144,10.089408147413362,73.69727461004022,6.710685383696018,0.7086172344689379,9.470113140453373,6.710685383696017
31.600330141069584,6.467249561831197e-09,1.5460540667480798,6.243061527680319,1212.7989241958478,286.39725424082735,1.7687302225959076,161.07159324941045,326096281175.80804,150855713904.5382,0.9976912039837297,13.060982551995115,73.23799157452154,9.54351627880298,0.8076152304609218,11.81690973479575,9.54351627880298
26.074793959027293,2.0049652381213737e-10,1.7076809100800767,8.053219527935003,5112.279711025479,364.6874203113913,1.6032511018835551,609.263251036286,109355306709373.66,36412701085.322266,0.6995557004572517,22.61541999412488,53.125512242448366,8.404852339861671,0.44549098196392783,18.866492656729527,8.404852339861671
31.664873879962798,6.682094627011916e-11,1.0262014841877931,2.578205620959264,1711.4929814785257,315.1349683289264,1.6623337547217858,629.876129221554,5675829784073.147,4419714902495.634,0.6452389148831997,27.743911473716423,72.12711605958121,12.911800579963288,0.5002004008016032,25.813255165872114,12.911800579963286
28.040833722130877,2.919571920669177e-09,1.1576015132884785,1.2144006294385732,3206.199237350515,347.18875857654916,1.7977626005453833,453.7749117431898,4396413855680886.0,561009751081.4,0.3839641157729234,21.85234939106619,62.63573968299507,5.255463019739027,0.27875751503006013,18.85317071782728,5.255463019739027
26.197206021598813,2.229964368388268e-11,1.0387226012289963,3.4236477746696283,3097.295792297209,315.63174836569397,1.680299737533196,388.3654890956726,1168575592563004.0,46637487424464.53,0.6796390791162815,18.997629842193945,72.24326952704737,9.327712610948078,0.5288577154308617,17.637470984702883,9.327712610948078
27.908384882652076,1.0930583999949462e-10,1.5851478216413033,6.045038185330251,1347.099972512889,313.0317885775425,1.7470225065930736,488.44649372564174,646107568032.6312,1222624678542.3213,1.0239952474288476,22.33000418293726,69.78733700580581,15.957445577333191,0.7789579158316633,20.48563247514603,15.95744557733319
31.35623647226354,1.2850411301936035e-11,1.8551639464842138,1.7991459392286075,3269.619877040967,322.4336428923011,1.4050646686707293,649.2381622537791,53647731685750.445,4784955875965058.0,1.1558151128477472,27.739704492599838,77.25866628159818,24.770650157202084,0.953507014028056,25.978466642378816,24.770650157202084
27.720463405875307,3.9703365360031e-09,1.9223895739956305,5.656957680433651,804.1842732767775,348.524743210572,1.67448903326473,666.7177995115755,43214786413110.12,75787142651.29984,0.7135724603525597,24.542990876791904,56.59696938429518,9.911941791687484,0.47935871743486974,20.677503988511933,9.911941791687484
26.829722008964644,1.247098354124506e-09,1.9741096189805822,0.47776895159970506,9569.532231896717,372.69303625596666,1.4373907671136745,166.10202706367988,1418216685825781.8,34335520177521.668,0.5546632321047832,11.406207864359667,64.04961906549391,4.052165838708922,0.4168336673346693,9.721301699594964,4.052165838708922
26.412964491897473,3.1861649549565597e-09,1.5234238478448923,9.090534258698803,18029.420254756922,361.25077690501655,1.6579494481222106,251.02638504965935,108605801117511.44,5077847392.303553,0.47499134000569565,14.949723618264354,48.16841630962992,3.4204340660430708,0.2917835671342685,11.722504113705307,3.420434066043071
29.953076890840556,2.5230836987181717e-11,1.511172962500723,0.7329433468348143,1256.1022124157887,303.2080460669788,1.710015771355835,572.0720272135052,220707823111.14526,895335482482051.9,1.0783282016353424,25.488999492208652,80.72138737100121,22.186682563371644,0.9352705410821643,23.722208268957466,22.186682563371644
31.164606169727627,1.0636707651134603e-10,1.659004065970322,4.145607710693806,643.2529171030086,332.86624185631104,1.4431798372507982,627.0832932375928,3.5134886623801856e+16,564016694620870.4,0.8319431479458596,27.136074006787236,63.361179361493726,14.304211287986284,0.6044088176352705,23.666450373690836,14.304211287986284
29.37516872453587,4.707559017622612e-10,1.9846073766009298,2.6294365603455927,448.6386982370908,336.1940923601178,1.5643927989050517,293.4032636848266,110283902346.06694,14916806868025.447,1.0838709380414089,18.22159484413479,68.39438790590359,13.507793873320692,0.8805611222444889,15.339984394144347,13.507793873320692
27.584202213653683,3.660796980634264e-11,1.0404319313930037,3.770743449460991,18110.804593257533,313.66708075973725,1.7395371050597968,553.9281780411444,9302610879122.412,564267640405436.1,0.6400729058397459,23.226580865517114,70.23986862113439,10.442354135668394,0.4819639278557114,21.66625660581509,10.442354135668394
30.151277958001693,4.761312495311205e-10,1.000992464050629,0.5438895060435197,30320.173925720468,358.22839235035593,1.8687826293864735,641.3819229508165,132634925827.32979,349084871978579.6,0.4118460646402394,26.596014869182163,71.61163411143635,7.843954604448715,0.3256513026052104,24.086974446891745,7.843954604448714
28.706874464066928,2.3370855596137893e-09,1.0067157841633851,3.02435315176553,10061.148325296992,359.302078860159,1.709857300607312,280.75371366775823,7280740424803.357,5852585210296977.0,0.29853042351547887,17.43588842922834,55.439836379945405,2.8857228496637632,0.19799599198396792,14.574652854071033,2.8857228496637632
28.635273075405227,2.1947075149815667e-10,1.5523327502406996,4.21312290127101,4030.3534040659924,323.23354227675577,1.8133574598010933,645.4306118789704,3.914367157158974e+16,8914016647128.19,0.7860128172960297,25.27803892898674,65.21902373009267,12.95827821027053,0.5705410821643286,22.7122614222866,12.95827821027053
28.652891344786973,1.3053295701681603e-09,1.8383235912959066,5.717225972250497,7942.5881526668945,354.9729350721248,1.7381968883586434,547.6801334375857,1785961100180.9673,3080504369525.1675,0.7301095962024499,24.018444039026374,58.98021385949704,10.342827205771346,0.49498997995991983,20.89502338331944,10.342827205771346
29.529611327630523,1.017264274212055e-11,1.855962508813682,6.178240182760139,573.1557628163874,361.6357072575827,1.7585284832202723,554.9797260781822,22503743609814.39,953712658192419.4,0.8466515434123482,24.62059284630142,59.293644293664315,12.359797468312019,0.5887775551102205,20.99230407313716,12.359797468312019
28.484165492794173,5.146683465645519e-10,1.0006423036998737,6.519756523843051,8636.774572152848,336.7109365488792,1.648279408521808,585.9618842270249,1225282703733066.5,88413437875.3678,0.4945083979264849,24.424919456295644,50.701647987900046,6.123911238817311,0.3022044088176353,20.26413599582121,6.123911238817311
31.754440028479916,1.323736617527246e-09,1.9879389289124245,9.71836089943491,21768.045954944337,355.53715412253075,1.7047146842484837,203.30239820975453,182015555118505.0,227842982386760.6,0.6212389848104838,15.613442211570428,51.100858204259936,4.9566192063929115,0.39338677354709417,12.599862373866852,4.9566192063929115
29.125142952233407,4.024550536459978e-09,1.1096558991916983,3.9332154108766146,3250.340334547216,323.2325295869108,1.4542932739107766,192.1169764267783,1.0609715956875376e+16,2458610966349.9683,0.5128655569231048,13.756962294117605,65.7671549827596,4.6401832895441375,0.3777555110220441,12.283562129880767,4.6401832895441375
26.292334560516366,1.1206597577125244e-11,1.4734754019943266,1.8109115140595482,8133.020968532545,359.53234625277514,1.5141483542285528,455.30616692906847,844632641195.7262,133376267968.53723,0.8635775681181498,20.52400350129612,75.92251776902191,13.456559459984394,0.7034068136272544,19.130550343396617,13.456559459984392
31.3327729650886,4.2883899982923247e-10,1.8858886951442,2.4074284809591684,1445.6018205697685,327.0952138456817,1.6400400375972715,698.5887803102203,486039889913.36975,919930989775858.9,1.0315277392014177,28.23302775260442,73.20034442271297,21.318247049896772,0.823246492985972,25.895339040648707,21.318247049896772
31.182092236531222,4.5666307279215413e-10,1.3440371682591539,5.2884158220253035,1216.0051370010942,359.91074484399394,1.649139579355165,655.5053073264703,544688324437175.4,3983229519411.754,0.5070985018691196,27.54495045001946,49.71018418304458,6.9435200713143255,0.312625250501002,22.210362279396467,6.9435200713143255
30.266416123865913,3.2493679558376246e-10,1.9045063504194473,2.0075704166910446,27970.315650125853,361.2190551851192,1.8303666809324346,389.74469942264267,1.0548951509963776e+16,140416642702.31955,0.5736215202895769,22.005394025110782,60.632327893575166,7.653477825472632,0.40901803607214426,18.7118345659522,7.653477825472632
30.57168907138505,2.6384597610237173e-11,1.3070519159625087,4.568180100925383,1395.2095371741282,318.7017115624184,1.810052372391849,254.00553528530054,2962695602900988.0,3280835713.263855,0.8231527822616382,17.40451998813473,70.58027867942411,10.111739420243513,0.6382765531062125,15.842254225122488,10.111739420243513
30.594434645090367,2.377221932708107e-09,1.401698775502482,7.280282667041211,21393.25202746217,360.07129735545266,1.59522325519848,390.52810856803865,4744006426918450.0,111728026818.90323,0.43800164526740115,22.17748940573255,42.49231394181155,4.127608553693963,0.2527054108216433,16.33367698884447,4.127608553693963
30.82329644185324,9.643027997322353e-11,1.805990582385538,1.0506443448370888,387.9668277801024,379.76754473698225,1.8347285616173443,629.7085020797223,5.1012861528440584e+16,1170076254574.2,0.409290953763844,26.937496154269798,52.97413800729599,5.840543595858857,0.27875751503006013,20.95205790318885,5.840543595858857
27.721013328080915,2.4551327810088507e-11,1.5012091335384645,2.356473540670757,23501.831785571867,280.4003162442779,1.4715983688715606,247.88551185005608,1562213079426.6755,38058271157.966194,1.1626035472588858,15.586733458381115,83.24098053059525,15.084257579070186,1.0056112224448897,15.000088744432093,15.084257579070186
29.93628563036707,9.605859606026051e-11,1.6150243819033734,8.924527749733654,5071.232605281448,349.45327912863814,1.5827516491106786,195.8430805736255,8385025249139.008,5623135398397704.0,0.7217329899446987,14.32675309040777,61.413046892157176,6.350164531737779,0.5028056112224448,12.629462340921291,6.350164531737779
29.730868306718822,6.800382769611177e-11,1.4509152671621037,8.388027766823745,6868.899171382001,336.0652840729168,1.8425814383169206,503.4637433300742,718419951451868.1,21299870376.091305,0.7532022275879587,24.15023914238585,55.62853103970718,10.118837538961698,0.48456913827655307,20.882133713572735,10.118837538961698
26.638332098074446,7.860068866808115e-09,1.5988583701003527,4.273697409635005,4764.7667102568785,286.18119610717156,1.8110636369520532,229.9873213386016,6718557492762178.0,5503628397435.274,0.9411657628853191,14.249950278571479,74.86259804444,10.040246240729422,0.7581162324649299,13.243676643203758,10.040246240729422
27.659432081941418,1.2320542884575546e-11,1.8158333553266057,1.9293093863992055,401.4303751471555,355.5877730825881,1.5750216111864894,333.60040335499,3036725411581.087,1033354537648208.9,0.9440303120255201,18.473457546879086,67.87453777648453,11.836982657322732,0.7607214428857715,15.560206390948482,11.836982657322732
27.783977156639192,4.271473430032396e-11,1.309249726336156,2.1908658366404903,1365.5589141939072,288.2936222868173,1.479265014559729,350.23173003768875,1.891477299715861e+16,2517881153.110322,0.9891495135856115,19.107981296791554,77.55056990186897,14.657562104488923,0.831062124248497,17.637143694574323,14.657562104488923
27.276048240560183,5.309297077512683e-09,1.8900146741599215,6.858618166300225,957.0775037449231,321.98105610557855,1.5056104972189823,177.15310547512195,19054184541503.785,10733744058071.945,0.8605594154234568,12.077352258824273,66.13966406703018,6.874079948241335,0.6539078156312625,10.512307367981691,6.874079948241334
28.15959605278883,6.799447915704937e-10,1.2962547353793055,3.5893351720557454,12059.996542323932,367.8314730893858,1.561017040765526,442.9094808071657,4666311248201.365,2362340480.3235497,0.5218170403469223,21.719226322646783,61.668204311639116,6.989142747371689,0.36733466933867737,19.026635193335913,6.989142747371689
30.42714308816245,3.25844541164925e-11,1.4257125237469173,4.973045835115737,739.5084968726593,289.4555350663396,1.5740065073355352,671.371544530191,490697154917241.5,467596873662.0693,1.0655962979412215,26.99955554866979,70.70115883725433,20.341166296913148,0.8284569138276553,24.553076879921772,20.341166296913148
26.23346492464529,6.321495660906915e-10,1.0922576409353726,5.516931896265759,10090.228855591376,322.35853482947863,1.549705747408262,128.43054029055915,140820943890.9053,1023731313490.542,0.6271041384482591,9.130941197818897,73.7508662643093,4.2230122248827096,0.49498997995991983,8.531510527192195,4.2230122248827096
31.300071624217807,5.397446377209744e-11,1.5740555057818213,6.906197032861666,418.46557342588153,295.31003758033773,1.5656383967097836,502.0559044891423,43073550675389.516,137836893783271.34,1.071659591551089,25.015776128371396,65.38186662817887,17.527829997750253,0.8024048096192384,21.844123798395046,17.527829997750253
31.205587193439154,1.8841558791223408e-09,1.9922472073132491,7.592738473570168,16008.785662931827,363.2366358465001,1.765132881140023,581.0810899935343,4.056013270017518e+16,2120565295893.587,0.44318844642543226,25.901887600288394,35.84892802902105,4.115248055011009,0.24488977955911823,16.80449083020044,4.115248055011009
29.829722143475262,3.5060585526481627e-10,1.851036987192073,4.427324108140772,13786.484671500197,359.9354575057139,1.8809430506842952,249.35241955445127,1810160397925958.2,198809202655628.97,0.5125769389207937,16.821193040242967,54.92178702806099,4.73544195649058,0.34388777555110217,13.770311983034963,4.73544195649058
31.617670956827993,5.256628122561583e-09,1.5735258617084482,5.875701221467002,683.2544309599116,377.49627024237714,1.5275087313517133,534.8417310707753,5953468071332635.0,1226050989806.8398,0.33913435471914133,25.180440086875247,35.47649053960292,3.0295334639781326,0.1875751503006012,16.151038445780856,3.0295334639781326
27.267162320174346,3.6887663940846256e-11,1.8564960009015916,5.205413570135446,478.9321196904375,351.7019472762889,1.5250855264025147,625.8368504505275,7201628531315.1045,25228754497.215744,1.0075456772919797,23.624688893488084,64.88751736590275,15.445145373080345,0.7555110220440882,20.443309127764174,15.445145373080347
26.509150661329606,3.4244703467752857e-10,1.4507375878182873,7.562859017110801,2686.613386637126,314.3815968924371,1.530827457816472,266.88804728198267,3.6905187060440376e+16,14307053943.123657,0.817440195268396,15.575103183225618,65.70738052436782,8.365676676892447,0.5965931863727455,14.022414046924188,8.365676676892447
31.9290585473429,9.566616521283597e-11,1.0883902354174975,2.637165731721077,413.8364682828982,359.0029769163916,1.6562764562705525,302.19197132008054,938204750864518.9,25973213273527.38,0.45549314820125447,20.13976278225849,61.153017594035965,5.60988671740989,0.3282565130260521,17.08994793643184,5.60988671740989
31.639232535365544,7.652116093042695e-09,1.6806837756654054,8.21459608699285,12157.665791734404,329.13035326999,1.7522291440167084,146.95540461014212,3532860580217119.5,5405439990961315.0,0.5419471824057233,12.242359962275394,55.63671368009112,3.6913359901964387,0.3595190380761523,10.267428423121642,3.691335990196438
26.50984851875443,3.2236460700809717e-09,1.9329800266492714,2.4166511200602088,3545.0500840067143,372.78582254629885,1.8801130022614838,176.72943061138983,12417247951423.574,77092563656713.66,0.375077726399925,11.776865926026755,53.69197838319592,2.371703597290723,0.25531062124248494,9.289482692685016,2.371703597290723
27.329350996315583,9.425662516657712e-11,1.0232910600046932,1.7045124731257493,4213.655142523273,345.30900663041825,1.7244559155479184,567.0162824669301,31023334993424.527,82117366607.66048,0.5123971427861101,23.191493837503547,70.86985088992948,8.421645226424493,0.39599198396793583,21.26721137644647,8.421645226424493
26.09348420025515,4.1676330956791704e-11,1.3123878122020374,1.9464271935085622,346.96761672530783,295.7447608665192,1.733049776783786,477.7512498835575,4.112461416526579e+16,386525401341874.25,0.9114104395647583,20.66970936234237,70.53503879910663,13.28780598672148,0.7529058116232464,17.648696266633003,13.28780598672148
29.40653670104715,2.5862412985147396e-11,1.5640718189251568,0.8036315969589716,2300.222222283488,319.0258628947195,1.6139069046814707,267.89555103687235,1303114825420972.2,770213756436280.5,0.9254425970663395,17.360503006550775,77.55303384335579,12.459785962577273,0.7763527054108216,16.049130602287196,12.459785962577273
30.611101955593867,7.642866740387596e-10,1.5383447993330133,0.5046249640786977,8828.1153149289,334.49829395784974,1.5353705253319434,296.70522331206496,4.108097276698757e+16,23471222790723.41,0.6571913224213508,19.224434426148303,71.99911985797615,9.096463469691988,0.5236472945891784,17.371355803200544,9.096463469691988
28.85547460794517,7.290632699515171e-10,1.413742324985657,4.807786277389559,1203.977895151661,323.9853300591644,1.7427961162189551,123.96515505188152,5890666607436613.0,95687847676.28331,0.6647296247709837,9.728186597640667,67.38607028326112,4.357596938242045,0.5106212424849699,8.533912371204005,4.357596938242045
30.095358760594998,8.47570717635048e-10,1.6526280491413052,6.159663379306869,26194.111759557956,330.8344162695391,1.7661595577576756,523.2695987407466,2615805590824.5107,96192425203.99347,0.8396098574216881,24.829466997365888,63.57906212035353,13.254368562716538,0.5887775551102205,22.51167431176158,13.254368562716538
28.544102588941808,6.809163953289408e-11,1.3667430989299598,4.031414016497399,5101.866871125491,301.98900427350617,1.8021459329383436,362.52181406290276,1727685427404722.8,3716185365.166336,0.9335672311427046,20.002944646931123,74.492642481967,13.910825818500818,0.7424849699398798,18.73549820089584,13.91082581850082
28.819792364746203,1.2152303197019913e-11,1.6759099918155647,3.5683587545712823,25032.580889866167,312.41242146014196,1.6819029490088633,254.43254541676882,525624710185018.3,1859073031830.1182,1.108714781959984,16.4761123676251,77.53045981837754,14.162728920939987,0.9118236472945892,15.532311497910007,14.162728920939987
28.2237695690338,4.0838336868916056e-11,1.1115213439714553,1.374815512775398,31483.284579828916,321.23107268572346,1.4009648539366697,671.7572743756086,131789116150.24428,851339685944.7708,0.7712915666588284,25.215576145005155,79.52627985220106,15.46671723026961,0.6434869739478958,24.035789155728857,15.46671723026961
30.304865515823934,5.543674635438913e-09,1.712886291432101,4.743532398020116,28111.503770267074,283.93193830332706,1.8934461012690038,609.6349310250633,3.7461063513000824e+16,60730515655.82942,1.086322939017522,26.328732164878943,71.87119276493932,20.556243299603086,0.8336673346693386,24.657609150245047,20.556243299603086
26.85474843370562,9.771153550126725e-10,1.51585943798612,5.327046015294919,22347.98426812623,342.0080906653262,1.5555319175522948,340.0399338507256,632375463234.9164,22192093930.353893,0.7611234922652322,18.205445617536533,67.51226327677125,9.354899106268853,0.5627254509018036,16.624268710926486,9.354899106268853
26.86010042125723,2.6969570091393085e-09,1.704873467972119,5.397381172586349,1773.109951439635,346.84942903243507,1.8064526738478803,628.7399294030254,191468515114404.5,548524275825377.0,0.5480888091630561,23.476961951856477,52.330336740172314,6.733585210158828,0.3517034068136272,19.14563544085046,6.733585210158828
29.067835720476168,2.652102271859081e-10,1.8654318556221003,3.9864645753937076,1958.0571258114321,310.4911345284916,1.6593508641473083,426.91002021367643,917839770243440.4,1031611490331.5793,1.088127802242447,22.018185463095737,72.4286222675087,17.35288371881715,0.8597194388777555,20.18435658668941,17.35288371881715
27.307023751301596,3.985898058972991e-09,1.3460008672380144,9.244845514433711,821.6874730872571,336.00574762362305,1.668307546764726,597.1887087561972,680939175444.164,2341856126709064.5,0.5804321932906725,23.312375404255,47.25538384615146,6.394245632573117,0.3412825651302605,18.7359281893951,6.394245632573117
29.188569033032422,5.732289976807446e-10,1.510166293297767,0.5530440869954114,3120.192033068717,306.35496626769907,1.5713440901889157,489.460959512284,96868545070574.47,4492907616.3217745,0.9154936301023691,23.474284917724443,79.8413405315497,17.158349845120856,0.7789579158316633,22.02731302473709,17.158349845120856
26.438247648570552,3.605562987228568e-11,1.1908851465722237,6.161347418319377,717.1812520734118,368.17194232747704,1.5048803303067064,154.67886725582957,1.7967021941048526e+16,116759716692.07455,0.5019370902982769,10.559505286296773,58.66689789387268,3.1094672391119924,0.35430861723446894,8.776154707674685,3.1094672391119924
28.552535779002415,7.534928785382894e-09,1.9443692191577737,7.2061855147961955,434.3880841532882,339.33401254113977,1.8945389675211288,668.1497370543883,432528725093.6181,591249956280.8619,0.8042119729226169,25.057534414455507,55.599892505410196,11.204250806695613,0.5340681362725451,20.97906623842818,11.204250806695613
27.893220475417035,2.450102879492789e-11,1.694798311248761,2.8837139707303203,1547.859746803041,289.0358876701418,1.6489837793893327,194.9007181912339,39132945807156.24,10078491983.924553,1.2427255947759606,13.30208052582276,78.26641795189856,12.938093142429405,1.0655310621242484,12.142389464119377,12.938093142429404
31.723099339700873,2.722372816558474e-11,1.5218871538506331,2.130402288126078,449.493697727746,300.23086188420984,1.427387053695218,183.6384298725933,91391319268740.7,36534960942640.92,1.0242164536102722,14.454460529762963,70.4393006209077,10.428183656030205,0.8675350701402805,12.020475038944497,10.428183656030205
26.524038890430703,2.104049106953944e-10,1.581247022853352,2.495411626868403,1754.513939602181,287.18348697336086,1.5100655401165475,380.051755551364,8.763005283669882e+16,9415761309673134.0,1.0063273584538026,19.02461018651873,75.7062097299015,14.493943037864371,0.8258517034068136,17.55029744211192,14.493943037864371
31.87773008674573,1.8589134036589625e-10,1.080680378414665,3.371019685043469,944.9933464963195,281.41265749098545,1.4476168051441876,371.9151610294397,10913769641444.389,18301051849.510704,0.7657981891069551,22.569697387478165,74.35790619325064,12.85189661726369,0.6148296593186372,20.903182568496035,12.851896617263693
30.296599823952484,1.1785466770356615e-10,1.8518678557465442,2.56157617057855,3773.8703858322583,298.4139217149183,1.647650308192921,191.47990538703172,932119827718.1967,19300281319293.266,1.2483282543816574,14.284017402811651,79.97940009127743,14.261240808926011,1.0655310621242484,13.384162429291104,14.261240808926011
27.5827162530546,3.2892863265423324e-11,1.9297682501350732,0.6214318572525005,4268.7058119239355,334.8263841833265,1.5253044372015299,371.6630470676907,336067641771.6313,111915701553477.53,1.1821937343515343,19.58889152281331,79.71824368474581,18.461043110317775,1.0056112224448897,18.358032108506517,18.461043110317775
27.33018289026094,3.803260557299067e-11,1.3148784782775031,9.043225218578792,12386.063339643435,374.68922911337575,1.7259811730165426,497.7529066192526,75890252282546.2,2169223314728442.0,0.4674103738994743,22.05847963131273,41.14097110299338,4.241783138304633,0.26312625250501004,16.120714287997043,4.241783138304633
29.065262895621974,1.1619306620037111e-10,1.640375009917665,5.552167035329442,559.8086833158357,319.27254139124295,1.55666270554724,608.1002650066791,18752334525153.37,563490538777507.4,0.9381449046204791,24.98865832852404,65.47447949225446,15.349170758994871,0.6955911823647294,22.0663676425769,15.349170758994871
28.654337563405672,1.8218041638029248e-09,1.13528192851119,9.261572152652931,2891.4772629980666,305.97982456263065,1.5207448031824033,259.04637314498314,15861528559080.44,105350530951028.19,0.6189727874438642,16.518214816028944,59.48822089642468,6.082269319736228,0.411623246492986,14.776301804032997,6.082269319736228
31.697618257404763,1.0165114862087325e-09,1.5471662709441008,4.59625851856792,14334.71075085207,364.965720244607,1.5465188372164091,672.0521491920581,23479680299382.223,398608434745162.94,0.5486664959676546,28.30896171349293,53.34416007762278,8.285510337457419,0.3517034068136272,23.558231671745027,8.285510337457419
31.800919268493402,1.2911428737495743e-09,1.1615507264511937,5.944142160704523,546.4548013600983,358.91420398689263,1.5406575869369414,517.1288938360112,2.8876067263455496e+16,18495622581.45795,0.4091878648733682,25.769524835501993,42.45130323869872,4.476310292235083,0.23707414829659318,18.881477902158128,4.476310292235083
28.357147031607,8.736879868244009e-10,1.4196585928095011,1.9132256279222093,361.52907361902754,320.6598143701963,1.7246045132909602,444.39052489149316,865859524482.488,1428414029519.531,0.7867615498463485,21.795048859353724,70.41176852418357,12.073862527811531,0.6382765531062125,18.916349768847578,12.073862527811531
28.216826277087517,6.64671728844594e-11,1.7292712438603892,3.234589894266407,3804.380129527457,372.32235352696165,1.6696379911267911,470.2137460963365,275090705431.4114,17657898096.884937,0.828873281116931,22.312056350740058,68.67112449004776,12.699946674996978,0.6304609218436874,20.143907790284466,12.69994667499698
26.605707195788682,1.969875800736148e-09,1.8359210809168425,2.0272618733068613,868.0475223957661,312.3207289492783,1.6955388084769176,473.0777162800117,1319847491230898.8,2169448242818228.8,0.8768918295724991,21.059535564428327,70.98231872233379,13.108258426441829,0.6981963927855711,18.77445739034005,13.10825842644183
27.770240842979227,9.46840808550479e-10,1.5597228457776922,3.197204956043158,20645.736167970957,289.54834119592175,1.7560005134160257,536.7242278135611,3.1042677004852216e+16,4266425303937.0674,1.0014015430902732,23.12587136880461,75.23981285772538,17.424248996440664,0.8024048096192384,21.715035587472258,17.424248996440664
27.929734029315476,3.0424399111761763e-09,1.7708102818323925,5.10309302131081,10857.122832592777,306.7875602077261,1.6947531652017338,619.1100728727253,8089227091901.904,2425771431432.2466,0.974806803069871,24.371670640311724,69.92372377211734,16.61224778487793,0.7346693386773547,22.611870280016603,16.61224778487793
31.706269125037338,2.481050053262159e-09,1.8870390203305527,3.9754211967263746,31117.91708494224,295.2565604683813,1.6593852916081544,387.56402937774965,6174377019175440.0,2292579515468887.5,1.0283340478170817,22.991915519739347,72.3237166056853,17.099763591895165,0.7997995991983967,21.380060216376066,17.099763591895165
30.38683626144836,7.593617342491996e-10,1.4274291908485037,5.2011939873421955,3300.6587563287817,282.03684736843775,1.6515229024138387,613.5824801044749,1801540653545830.0,371501314578526.25,0.9617302249576636,26.414837707555748,70.15678044403045,17.822591889674325,0.724248496993988,24.608393339644405,17.822591889674325
28.342909938611125,3.8629555488984896e-10,1.0334835689971005,3.9533798332595675,2810.813882184959,305.5208899599082,1.4156204894953248,514.2448652673713,40787445368428.56,812357794393.284,0.6442048381648808,23.205236679999192,69.33045929837505,10.364158875726543,0.4819639278557114,21.504013634043847,10.364158875726543
27.499920524171053,4.10668315679108e-10,1.4380267812707315,4.845047835685092,4589.260358813013,280.63246472397356,1.8538479517692112,142.65243816704876,50763140697100.97,28288513490.34198,1.0138309240962813,10.395843306589057,79.06752929328094,8.333423002676078,0.8519038076152304,9.782117333181281,8.333423002676078
29.14269421621925,6.929315351009658e-11,1.8600064980626039,4.084326372831718,5991.162669602248,304.8879728147879,1.4097030752470086,342.49272136796566,165546093680352.16,1647517585155.688,1.2096017327212893,19.82408695899504,76.28622651611856,18.29286492244655,0.9821643286573146,18.62505528729,18.29286492244655
31.77208618291316,1.319828558894991e-09,1.9956698006253952,3.0915888850769258,11970.3420157486,335.5558467546614,1.7058801772242496,691.5119202653966,839311547884112.6,1957574262178721.0,0.7846779190991912,28.59498492125996,64.4232334258257,14.455190584453566,0.5705410821643286,25.335932917605657,14.455190584453568
30.354501408315482,2.4107843592298354e-11,1.6994237103223124,4.946292769117724,21756.84841722216,360.6834447190455,1.4520673438036125,180.34938619213506,261617029852.0938,2836051566965.2856,0.9666513370215707,13.71187011868078,73.24414810085366,9.708217084076292,0.7633266533066132,12.718299619202075,9.708217084076292
26.484630555244117,1.4826375999989722e-09,1.5523585814504326,8.391673172020795,1147.07437332901,331.9140784161141,1.458739842955272,630.7660015901682,1122095378672.8406,5206378759.340618,0.8286631679497793,23.080821205201126,59.145298232502256,11.312263656013673,0.5575150300601203,20.2905088581985,11.312263656013673
27.2303035911391,2.6223730085946345e-09,1.1058145276846827,6.221389449414027,9825.679664760597,355.1081160482871,1.4950304433040655,136.9743990265672,49299021870299.8,26145528001.74536,0.4108464933721824,9.974625289884386,60.07864052233648,2.4620466137526966,0.2865731462925852,8.591337484353815,2.4620466137526966
30.19562485408363,1.1751096669327537e-10,1.4493539410331322,1.3121523443967757,4316.190187728165,298.55241896319075,1.7394928304574684,142.70129352873622,7.16749755858685e+16,61899743600512.77,0.9126592813106221,11.426538776738909,78.24695608215463,8.160012506501232,0.7685370741482965,10.617591240532244,8.160012506501232
27.090377406871557,1.1022597178520668e-11,1.3344628922052189,1.6975699877116326,864.6148019192954,367.27502584378897,1.7016023300254246,205.8745918173397,218754202043177.4,61725493946.2535,0.6072687924343471,13.425051331462921,68.69010827245039,5.600039871627757,0.476753507014028,11.746195443220897,5.600039871627757
31.857205186148533,1.2539253742580358e-11,1.7323184221678152,7.7753708566759885,430.8494351499434,297.18693642313514,1.5921533295519787,620.8928959174407,166724579409129.72,38649862218025.36,1.2464773333389048,27.342405737916394,64.81334625314187,22.089483094829717,0.9248496993987976,23.88440317295781,22.089483094829717
30.698077012741056,3.050481285807451e-09,1.476284543083681,5.186172759980117,8630.018251029027,306.33423587356265,1.827244868182762,112.47209468550494,1494960140006.1885,399392220478654.2,0.7779940555704147,9.591890921725152,74.58832703849345,5.5661047655492295,0.6226452905811624,8.939447306112216,5.5661047655492295
28.041549271356033,2.815130279535379e-11,1.1867547557114033,5.401412738973482,15572.669215288519,287.06507157711104,1.4152404545623245,379.1008815021059,5.459143247656419e+16,89757061055.24677,0.9299794094626053,20.109610756780324,73.0920438618309,13.669326078214826,0.7216432865731462,18.941943107551232,13.669326078214826
31.75502323440229,4.6030270786976254e-09,1.2831350763875111,8.206091029710239,7442.770115027032,331.18223889047573,1.6114580715214373,589.301653555274,5734249642377833.0,198863167044527.5,0.5133281666977914,27.23968046099204,41.82003711030048,5.847651975315354,0.28917835671342684,20.221610087888855,5.847651975315354
31.989535707291775,2.7260723813263523e-10,1.8069229778199158,8.652287996438089,837.925028660046,284.2066442053061,1.6023742010942899,614.0420106620655,5427748139685.767,79445824848218.31,1.2464509404972721,27.57347478776134,65.74683584756613,22.59651921812328,0.904008016032064,24.995927931375565,22.59651921812328
26.044088834385576,1.1643761387067343e-10,1.6155166947581512,1.4716204627089016,19643.271725915358,295.62739771170794,1.8548967725019971,229.83358520978481,9.240001537713466e+16,17109644779659.184,1.0454912271692218,13.937314909825208,79.58605845640948,11.596755543156428,0.8831663326653306,13.13088499213764,11.596755543156428
26.506069366629866,1.5697543796953166e-11,1.0749216962594688,5.980948923451329,13157.046350526596,320.2962741770506,1.6224178796409308,453.5726221987768,157849651980835.25,65528787434720.47,0.6896165949578138,20.652391358926693,65.85684715299655,9.379484832100182,0.4923847695390781,19.049096179153405,9.379484832100182
28.83071432097816,1.38542192151648e-09,1.997310742546634,3.6329188540378965,334.526807416655,292.5625045551655,1.6767570924934767,306.55467228679123,4.364108729074356e+16,24667357655104.383,1.1411199040541717,18.255456453918985,65.00821525668518,13.542293440883052,0.9196392785571142,14.725657936370979,13.542293440883052
29.122131115792808,2.478098151938192e-09,1.2585898710490953,8.233437694767124,320.71716901935304,341.96773621357175,1.8673785755228893,572.715971220322,1.3237474998985366e+16,600734904095.9136,0.43067676743750044,24.063709794690435,38.50863025205273,3.990911499338987,0.23967935871743487,16.65104379740932,3.990911499338987
30.945433676600757,4.4925714729807355e-10,1.618540236503199,0.7773703254908744,800.0246976452244,335.09644155135527,1.4294005289117488,544.868083952628,1.0973421245549948e+16,2770362048054940.0,0.7214177858661149,25.887351630567434,70.46664569712134,13.160065991340069,0.5731462925851704,22.961094159715714,13.160065991340069
26.610610755078834,6.594179183888633e-09,1.067620007629295,4.845750916092591,15153.119258976934,287.03111385644553,1.4091155364944918,114.96863122399041,116848041250815.28,479929241950864.9,0.5982744362733287,8.468595145167386,75.07268281625525,3.8035904967327507,0.47935871743486974,7.93474773356874,3.8035904967327507
26.764560026435596,2.364997915228248e-11,1.5685468550497916,2.4960968879568526,9129.089614430404,374.963538817675,1.7830167033002065,626.3052198273499,131073937339934.44,670247386981226.1,0.5601995550364385,23.438708351596777,62.02623587912151,8.144264337100719,0.4012024048096192,20.299639881185108,8.144264337100719
27.097419103920096,1.6034066157398124e-11,1.655953110124686,0.7091345368289481,19273.599857493118,349.15541471074187,1.876100362704456,288.3319937879414,82594257855534.92,155536583592475.7,0.7695550116839396,16.732868379674976,74.84009294864265,9.637056029584784,0.625250501002004,15.41311204731669,9.637056029584784
27.456673912764924,4.222274460522156e-10,1.6594672750054782,9.792324813581004,9759.028548979377,291.8130850279074,1.637666725691655,453.26246979374326,758121576750.5017,1056239485840.8579,1.1397811867106349,21.3750770141808,67.88839586290341,16.53958922257561,0.8284569138276553,19.96433241912247,16.53958922257561
27.70403489801494,2.2723887303968013e-11,1.5120419334634545,1.823204193920985,4798.161008300372,296.9696932241865,1.7617974618014105,217.14497381780222,2.38622067720262e+16,1525687176.0369623,1.0891250911419517,14.264981497595551,79.86848568883043,12.408646896237393,0.9248496993987976,13.416933480438699,12.408646896237393
29.131984322274416,9.126710978456203e-11,1.2250765257745908,4.821707235818451,15277.034966333886,371.52772055266485,1.5516243090739228,192.54617325704277,2093354042324523.2,11857443889063.896,0.4566818125921395,13.79261209753612,58.465173662040336,3.682624875856555,0.3152304609218437,11.682325575667011,3.682624875856555
27.20609689206536,1.909357995913177e-09,1.518930435242141,6.603272955172595,1654.5430357482921,323.9097561302376,1.4901710491874711,553.9095205872045,875120676219.1244,280619704686519.38,0.7912223472870231,22.821622472157216,62.81174243950789,11.341902326111553,0.5549098196392785,20.439181151064158,11.341902326111553
30.788047129307515,1.7370122936572863e-09,1.0194227880587405,2.8767054835454013,2733.225636596861,339.55443787167957,1.859611049684525,325.3635832772214,1.7788523941905084e+16,13931728967.471556,0.3930451582479749,20.356439516586438,58.667561657168555,4.693991603005045,0.2709418837675351,17.324717528842584,4.693991603005045
28.227682925051763,1.4349806090265429e-11,1.7424892910556222,1.676397022842547,1032.856605414291,357.52332521932146,1.667358358711355,108.38363165107754,103136224335.68326,3755125206420.0703,0.9539783605174473,8.545195096637478,71.02716790047563,5.790085866657878,0.7893787575150301,7.334990727246208,5.790085866657878
27.829733082495167,3.474836205973061e-11,1.6135939377161108,2.4386774228307857,4835.198404697598,317.9265950586273,1.4933731088348947,182.8628427212492,2637324800583.449,1617427251.387194,1.0492462570854235,12.695105624219917,79.23112276772696,10.553816954695586,0.8857715430861723,11.914829548400673,10.553816954695586
27.84876177221761,5.080004190633457e-09,1.8313621258830284,3.8456368158526577,4484.01686290121,336.73605590140585,1.814368769596856,241.77406091017937,6002399990545.944,129568083873.01628,0.7314911779144223,15.396048600488607,67.90956841761539,7.648025662199648,0.5523046092184368,13.84747752335858,7.648025662199648
26.245219938630047,8.791512336813523e-11,1.877913776588007,9.137478946200513,523.9268933860791,325.8058541618432,1.5906744507938195,393.61551797403274,212969369104595.5,1386153481.6192563,1.0718430530287135,18.84950367827473,62.260162770408535,12.578862464314891,0.781563126252505,16.094493255623412,12.578862464314891
31.053453487526966,8.336662491739004e-09,1.6534048120036422,6.672431937235019,3597.1596703224654,313.4273411714382,1.4744889120897604,450.4380056176304,186058031182.8241,590905420459638.5,0.8841251763455865,24.089913528897014,64.53557846926607,13.745109565179007,0.6278557114228457,21.892147057211375,13.745109565179005
28.525470196823694,1.75494161479432e-10,1.3271708584759057,9.699668109246147,707.6750846760967,295.13078214752113,1.482765750772515,495.1164897104584,8.940708023722442e+16,44496534955.02225,0.9088241703307685,22.737630777584833,59.33585318796442,12.261462382096603,0.6148296593186372,19.94286091481814,12.261462382096603
31.433704382404926,6.852509994291441e-11,1.6478999201253002,0.5968897289470037,3099.61639345606,345.4569966278982,1.6681598886113143,242.70123092907468,9353662371187516.0,6179531902449561.0,0.6762851115478582,17.432856695574017,70.87465442398903,8.355825100065573,0.5340681362725451,15.645616228640602,8.355825100065573
28.755176574152394,8.086447951780349e-10,1.7904132683455725,2.5665927940935815,16939.506890612927,308.02009053099977,1.7879154017576193,167.25953945585323,5374279146823.131,5436752183680.6,1.0079888591299742,12.287506507104181,78.47487951146532,9.719639346805437,0.8414829659318637,11.55060736855421,9.719639346805437
29.14953257422589,3.5587178235241535e-09,1.9961272576386073,1.250666289429378,1103.5099810979834,315.75982102230756,1.6394592039050024,396.34584589263943,1.371419684895256e+16,247693790622403.66,0.8749667673022791,21.347433989404614,71.13318294768118,13.286465972882455,0.6981963927855711,19.029697245890773,13.286465972882455
26.11310947422772,2.3177430194603415e-10,1.6180738382440887,4.71187675351163,577.1524081140747,319.74740836906483,1.605827847564868,212.62955346985524,3450187416050745.0,177748015634.27734,0.8714939218738299,13.151517926576814,66.72777871570133,7.647982962189674,0.6851703406813627,11.162162907670801,7.6479829621896736
29.533923743411698,3.5252550457612376e-10,1.8774270792163887,1.3957463322558141,535.2122148169791,310.0319669123016,1.6156074840629175,279.12534925128375,3794219872633452.5,52102780671.48513,1.0682534249634286,17.83954971349126,71.16350860315508,13.56174375393196,0.8857715430861723,15.310656409982009,13.56174375393196
26.50864845663347,1.7434095862501019e-10,1.773379288138484,8.535507047150064,9261.67840278084,335.7886678499744,1.7620958508745883,508.8337211823168,2548002178454.517,7166584821645.478,0.9199707439806437,21.627148026443074,62.04534324898335,12.344754593794814,0.6356713426853707,19.420026930339258,12.344754593794814
30.623655995830593,8.940503666581826e-11,1.6539731467169314,4.918508189684226,3208.615682892777,289.005503778216,1.7331085826526897,619.4122212127121,705647371512.1832,365375679061.3064,1.2362702666870966,26.697954317251508,75.18915845102488,24.816848752633884,0.9847695390781562,25.20066651925989,24.816848752633884
26.29200472904501,1.227144366331637e-11,1.9896584966717437,5.03602078140257,1625.691134132207,307.4877076625019,1.8900063224724795,251.35047131301022,2260738729518971.0,96896183284.66505,0.0,14.870801628818125,0.0,14.606637337193815,1.0837675350701403,13.477647986796805,14.606637337193813
26.422937032141515,1.1215789339197624e-09,1.001630847629865,6.822335413293581,1001.7358072122682,354.6104232071501,1.7848750836753247,534.4643432905227,140249282717.94324,84363839640624.89,0.4171021017496008,21.821939334046572,47.48099919622986,4.321709512486013,0.24749498997995992,17.461806046400977,4.321709512486013
31.94087368433458,5.344118819889128e-11,1.2742385722253387,8.172560185889287,661.9018731348019,346.05836755045516,1.777513188750289,122.29639709161431,210170891099207.84,10743376845550.576,0.5797867473067868,10.56305435239117,60.35148326080342,3.6961173106167813,0.41422845691382765,8.922895684556234,3.696117310616781
27.820657384350767,4.2563174167025646e-09,1.1627497192998564,3.7691081531574335,15752.060613791959,299.06427566059926,1.8106870681638374,147.44150642077344,86173633071050.33,3367554531.876047,0.6592543493797604,10.79946878776934,75.52932372422138,5.377383291764882,0.5314629258517034,10.118077913237842,5.377383291764882
30.067421510369087,2.353989206390462e-09,1.8498585482468028,9.81637005729109,6982.829606323359,356.906191384002,1.6528791391606645,647.6421407086757,728702556564193.0,1530593426301294.0,0.5351339664151012,26.270982973327975,36.98636750915062,5.199726745363939,0.2943887775551102,17.6627886040613,5.199726745363939
27.412712102083287,3.0918138774237456e-10,1.729818921063804,2.186673194714296,836.9115982500077,377.80427404056377,1.617305180368603,209.089271754263,9745032501049.521,604829601023.9331,0.5899099260135756,13.72246011383756,63.94500156269024,5.176357743519274,0.44288577154308617,11.687794181068407,5.176357743519274
29.73851154482133,5.8754884536847305e-09,1.986590075922091,6.586647837328903,7940.4427999129875,312.1829169696589,1.8285792977243744,230.67900113218894,434794353923.78217,6498182895612610.0,0.990021483688535,15.941226833484135,70.12936288844004,11.067926183258045,0.7555110220440882,14.649589298264628,11.067926183258045
31.184832060923192,8.145831149969741e-11,1.6751707163810492,4.776779902649356,1400.413898475364,308.6774210760295,1.4680137226104533,429.5908493655035,47816759465375.52,3848619199674.1025,1.071146477701283,23.65601687772157,71.72797241649064,18.175193361306373,0.8362725450901803,21.733576533170094,18.175193361306373
27.292143004876426,6.543830058808554e-09,1.6385911963305415,9.0160864423567,523.0489469432106,342.28509658561745,1.8247309093220805,298.55246788868,1482036892840.9167,71638938254.66376,0.6372277621894035,16.911178255866325,53.84547033987395,5.802534492102453,0.4168336673346693,13.920503420957328,5.802534492102453
27.637602360498793,2.1958208006777527e-10,1.3259636027793316,2.858485912538315,6266.493547360015,285.30323716718846,1.5701818890698649,513.8511795642848,1135268259300.2456,35196139915.857285,0.9613927325874383,22.642739455787613,78.91252660347926,17.17812477202728,0.7971943887775551,21.548225895529445,17.17812477202728
27.203999752477504,1.0064178252114542e-11,1.4737677518315726,0.5817961362780073,1111.4236234962489,379.4803424591972,1.8591981056951499,229.04548489380053,7244603001793.348,1761700493027.8271,0.5698754073986668,14.518242550162201,69.36929445704845,5.73933058471936,0.4507014028056112,12.734219483214588,5.73933058471936
31.06648127995546,2.558219612874817e-09,1.126241436566282,1.4195987138138508,2155.0855145096834,367.0095389613772,1.841042499547751,164.4195098119181,279115354205102.12,12294939042.478052,0.2708369434559104,13.0913657371573,56.753299829688785,2.012259460589133,0.19018036072144287,10.58079526695445,2.012259460589133
30.116775860016695,5.614353369124907e-09,1.4547692924755937,1.0142111919821049,4555.20988025504,320.8516670135855,1.80544937616698,304.20667835583265,1.7757556404949204e+16,82395378564.78392,0.6249917197459234,19.187416125516084,71.41198795298783,8.563708600530989,0.4923847695390781,17.392310100386503,8.563708600530989
26.945105815332116,8.306941115789351e-11,1.0349157918227465,2.9562104753675653,6610.514584983645,294.2282978556592,1.455682486393294,179.43117475261022,291951052716.855,1325708017874923.5,0.7105223728443295,12.123830963516069,79.4026110204274,6.839941916373088,0.5939879759519038,11.515286829521495,6.839941916373088
31.66469069297917,1.3793785086118852e-11,1.7600717815435403,7.424087117828538,31175.88919480908,314.78706617210685,1.542754495845208,371.84927248589634,1.3786405964457594e+16,125937624676027.05,1.115061683762432,22.49146730265341,67.89734526695884,17.028228748720423,0.8206412825651302,20.749905117488378,17.028228748720423
28.829742883805018,5.416123140338969e-11,1.727015741268371,8.574363306813522,1994.8142508510164,346.85854458209843,1.600106010588299,387.0960628848909,141078969822117.94,269203497624146.0,0.8311897722783104,20.806742746626966,58.63322661680994,10.1402364625283,0.5601202404809619,18.103677977823335,10.1402364625283
31.865035904773585,2.1532699910468705e-10,1.342315006247606,3.8611918634294353,585.8388097199555,309.69387378177225,1.4432237066344031,356.7365579075483,1009586688834.8345,265978922189.44336,0.8680492613773981,22.017384063903958,70.9877025440912,13.56729321046769,0.6877755511022043,19.72633832174644,13.56729321046769
30.761466496349637,5.4674264792185983e-11,1.6118946213420688,9.031577908636406,4303.8623616513505,299.37926127724126,1.572383096982977,454.22152431043963,109563737456160.27,10973340461.614529,1.117641300219967,23.94332032285946,66.211408751984,17.718201888093823,0.7997995991983967,22.153301784411973,17.718201888093823
28.680778068143415,4.257945366549956e-10,1.2673327144575723,6.201966050330549,436.8377876516282,313.66070335655166,1.8021384163887872,255.57088054489324,427623043346966.1,741665360878.8273,0.709458007601916,16.215274071556404,63.60447796601832,7.317094786314164,0.5262525050100201,13.904151935913053,7.317094786314164
27.89876085449148,5.602670266608759e-09,1.3432617180803836,2.51942383457278,20825.844977280925,354.59443559358147,1.7408998568490985,129.72096524012548,612674442538.3823,29402194532787.633,0.44814290950747565,9.792594217494747,66.55010631715264,2.9205392132699046,0.33867735470941884,8.623367262850191,2.9205392132699046
27.25659701915756,4.7524106110518205e-11,1.7791385153436106,3.002064498602038,439.71836483376654,283.6431947309861,1.6215889936226437,470.2771466107876,1.6342233081806916e+16,5965279061.949498,0.0,21.426032713892575,0.0,20.18620090010273,1.109819639278557,18.188722010023948,20.18620090010273
27.18003695772978,3.8850966988160617e-10,1.364108362241975,4.928867022205848,22297.147046380724,334.4891653864687,1.6075603053060379,693.6639440198469,246203384849.6798,3348066986783337.5,0.7172589911487061,24.482658756308254,65.0047716445093,11.415102548324164,0.5132264529058116,22.241843700170865,11.415102548324164
29.0099710523929,3.2454058398244575e-10,1.9219643342032091,5.171775000012082,2381.3003788420965,307.2488592117199,1.7294083834087104,441.7870545878569,1932291403159.81,92446485503166.1,1.1724168342597618,22.308864603591115,72.71176512014098,19.01797187842629,0.9196392785571142,20.67981688240296,19.01797187842629
29.864521144019843,1.5559715525281651e-10,1.0044009219035506,4.57649527172664,325.174315158358,287.499848929904,1.615304951240417,149.1519305111966,4508090259091.513,38764981398927.99,0.6758960433346891,11.537122093850135,67.17028845095321,5.237868681950651,0.5523046092184368,9.483659188292362,5.237868681950651
27.851692055656514,9.838882687746703e-09,1.916302033914981,5.936037064938133,27157.780713463577,366.8017294432522,1.5594492594202434,549.7577475911856,662202329257.213,61924138120147.11,0.6271915866023751,23.383425704754416,53.536280011359494,7.851570795145038,0.4064128256513026,19.319200329276992,7.8515707951450375
28.946490958967484,1.123253596348304e-11,1.2742298223903707,9.562745730561636,1354.1381393352353,298.14544553014406,1.4937657232861041,387.5279587851694,1.1373534361196902e+16,202307673558243.56,0.9318944024117989,20.84517218384791,63.14042486505444,12.265342774669628,0.6513026052104208,18.8320185986466,12.265342774669628
28.621112045226646,4.228444652202275e-11,1.046064900102191,4.733777130930765,13475.680234925741,352.96819935943137,1.6043003838136252,456.8216031505602,41445666273937.04,11300893145975.875,0.5241067601088694,22.37052015652506,60.45359761484358,7.087906742318887,0.3569138276553106,19.858874028170266,7.087906742318887
29.105031466361297,1.103823918295733e-09,1.5077088435331238,9.417987782042074,2270.1594562848672,281.5916303039711,1.5181867677044922,400.36411486399356,175158457228844.6,7356877509426.009,0.9971751091142835,21.353746232514297,65.19397767702169,13.88203023879258,0.7086172344689379,19.590308510060797,13.88203023879258
30.28731258962049,6.667214503461405e-11,1.664903679041477,7.099516276568286,2101.6553866197855,320.2169099146322,1.4894623928282247,348.39242575322424,5258934361111656.0,2305743743342333.0,0.9255585742359496,20.735020219344044,64.75538567162766,12.427514138617305,0.6669338677354709,18.63380274990996,12.427514138617305
29.561679147907792,7.90880795709351e-11,1.6822897186597314,7.4534328452208385,1460.2444274186876,362.65478614895466,1.43684791606917,106.45223056001531,546795127354.2797,12361137426.976147,0.8659833792510628,8.785668433640838,68.15175815360212,5.185151259471955,0.6721442885771542,7.714342511856011,5.185151259471955
31.27357419768633,1.8834110177376468e-10,1.2749316919703817,4.40493613667083,1948.4164403307113,310.1461667988017,1.4689497912059826,493.5492771843284,660125358994.3765,267899047011061.94,0.8094769576204192,25.181443229811723,70.04368940092125,14.277564197166367,0.6122244488977956,23.320800439888764,14.277564197166367
27.210128079682722,1.5635577314933432e-09,1.805586105695467,1.4281948957896173,471.5106825627615,374.957277065366,1.6315234033762902,478.14129698379304,137899483879.05215,89324637805.14162,0.6916516118053356,21.616778320923054,65.61309434622535,9.80999716872624,0.5314629258517034,18.458478835574635,9.80999716872624
29.032385927356316,4.556747250163077e-09,1.2714394175643764,7.7968749346154524,6674.609411851559,291.5270767805745,1.5466875863959981,242.71842186317184,45202819595098.484,28011715147273.37,0.7372620708588529,16.086175904543914,66.87848229949861,7.931605662948065,0.5340681362725451,14.851299158765793,7.931605662948064
28.60051853305104,5.4151404755904015e-11,1.6958787682282754,5.927816728172601,3456.4303892088446,335.44195974459785,1.5109503231469117,508.2586366554737,21135046770535.758,350166615135.01764,0.9711296955839509,23.305288986605802,67.56358285622588,15.291299647721576,0.7164328657314629,21.343660207588997,15.291299647721576
26.89840524960062,6.173223540900402e-10,1.6026644105465064,3.5349463079319783,16584.413355825935,364.54578987154287,1.4545271532412156,517.023032685951,23067925338699.098,9954144878683680.0,0.582627353827199,22.09257974344626,61.17980175542633,7.874905794602329,0.40901803607214426,19.253199370438814,7.874905794602328
27.350141778107915,6.943406892989378e-11,1.4421062945557275,2.833408457070499,7655.73219119724,328.0908112181481,1.51043941742477,403.8244416919376,2.151426918527535e+16,352183923947102.8,0.7722563521362844,20.224555594645807,70.93357036673197,11.078789144381776,0.5991983967935871,18.489350444971596,11.078789144381776
28.992973546560926,7.336312280703483e-11,1.1798864647025278,8.808152196431575,8324.034681440267,337.21633031474585,1.839717322976834,173.0141724244537,1244330413158380.2,32884117163.498444,0.5884762377472003,12.692930835839672,60.713575567610214,4.5349933532646265,0.4038076152304609,11.230579073345154,4.5349933532646265
26.723464646095923,2.4935927697533505e-10,1.3873929297643537,9.423501371386818,1405.9150937821626,361.49022590520025,1.7744135002341723,500.75432203512173,3.329682608758865e+16,716922417640.0203,0.43880542883762474,21.329351233889923,37.72482677301521,3.530830684072312,0.24488977955911823,14.41804019109725,3.530830684072312
28.338027115897194,3.0397808222769854e-11,1.2757620754950691,8.821809269396534,2810.374950404806,314.1353322190711,1.5080560275410855,390.976150146169,1995226584741178.8,101588413540.34709,0.8506107290333251,20.575514590569316,62.709722220043695,10.97530098224071,0.5887775551102205,18.640827740429252,10.97530098224071
30.546299124875926,7.751099718814783e-10,1.7875625625397042,2.6589143629741407,5781.709800335243,295.3735279488842,1.5818984910823182,534.6160569056808,616609644726536.2,20654994200.073917,1.1276505159979178,25.393916977007855,76.7580920725344,21.98003550192283,0.9196392785571142,23.90071413262038,21.98003550192283
31.150056032555174,1.4456160023571626e-11,1.5952156885166495,9.841440902269742,3656.0275835451503,360.06718199594206,1.697590486594551,569.8529889537956,858153172040404.9,68853195650423.99,0.7320625443387566,26.413223965772257,47.636600349165334,9.211075895517908,0.4350701402805611,21.171473384907582,9.211075895517908
27.366866906518304,1.680593736907221e-09,1.2379098866643308,9.810274696397364,902.7643113117479,303.66840035976566,1.829336560241932,245.79151717769147,14635809934136.86,100572935928686.38,0.6783480992022113,15.140718759808319,60.8391243416917,6.24859043216602,0.4663326653306613,13.399426839926274,6.24859043216602
26.95249148116858,3.0006494667265876e-11,1.486358423266619,2.5882281914807237,936.0863472540851,280.92389214185124,1.585224795598974,290.95033277104193,153792396674.97003,22316816758927.44,1.172017825564791,16.6874276112254,77.99931463767435,15.255076803171546,1.010821643286573,15.09175916887907,15.255076803171548
29.759931092020125,1.630802675632856e-11,1.317041562909453,8.753494213554898,4616.726385860405,321.1974724011988,1.632550964232048,224.96799666148308,7435137496413776.0,2500535002352973.0,0.780274577354798,15.671117779595333,64.04735111092016,7.831565860586279,0.5523046092184368,14.179794500843808,7.831565860586279
31.46398425350026,4.696811979627791e-11,1.310740267776457,1.7741031931334608,1301.3744240056571,313.28053721226,1.7165528685323177,213.78782892887477,3.2838366546251816e+16,5268612896.42254,0.8327561357631273,16.0136382784607,74.91866156281736,9.990744798088432,0.6851703406813627,14.581402908002712,9.990744798088432
26.041268066205998,3.6714311293272464e-09,1.7037698077660497,3.6825267294887856,4909.072112998474,302.3544100839233,1.484194824322688,382.68948108323366,13156094317459.283,20258643113079.56,0.9331100941244144,18.755056767628,74.2615821086198,12.996172524135737,0.7450901803607214,17.442415517869104,12.996172524135737
27.30889510736619,9.74502823303595e-10,1.7668615203028133,1.8330342016790493,387.00499181366604,323.9587375301339,1.7870120429962184,490.4679013444856,1626635785761499.5,660503890369.4376,0.8361718684204064,21.880749826422612,67.58928179738322,12.366180596622534,0.6617234468937876,18.687838030631873,12.366180596622534
27.409673271518418,3.938551511170908e-10,1.2043656937491969,7.317041230453645,783.3086310236494,309.12632667143413,1.6532723891615027,392.02596048609695,402806303732016.8,1153751300318.3447,0.7202712350934757,19.804938792241284,62.071990382207055,8.854524565390427,0.5028056112224448,17.61023418943732,8.854524565390427
31.51683985106055,3.3098040465537244e-09,1.8791134512366385,6.369262399753689,5888.651213864381,340.9198683715949,1.617442077210728,293.2636006403576,356465353108895.5,1509116821.276695,0.7480213808047971,19.63747214278525,60.17848594878495,8.839767662153761,0.5158316633266533,17.136923323289537,8.839767662153761
26.044738588542817,3.5886035208447683e-09,1.046424044777622,5.342992473267498,5370.015334945204,299.81712296224356,1.847865419132574,214.057463049025,2.0281026111677664e+16,219246104318584.53,0.5773636583977475,13.271840898903351,67.64279836911393,5.1832502452607425,0.42985971943887774,12.058004067063452,5.1832502452607425
27.444457721145163,2.8329081826011115e-11,1.316232710186235,4.099915549448692,980.7749229209047,379.88915487544233,1.5148261681197903,598.3808961897141,900962017584.781,7272979725805001.0,0.5903236628864325,23.611232691288603,60.85638067127478,8.482326265325435,0.411623246492986,20.607014636793533,8.482326265325435
27.353140749698508,1.8410503431052718e-10,1.5585640667679064,1.3788000085297145,13603.170295978554,307.468553268083,1.6746349508008318,429.7802864159481,412899078812567.3,2445692803.702108,0.9757706786360804,20.82218293974116,79.08883966400906,16.069013861176483,0.8180360721442885,19.643404989532254,16.069013861176483
27.011712570989406,3.044925903332517e-11,1.302051259415852,1.6201587372117308,22072.048488805376,331.29544505113006,1.7117875738513422,314.4929052388725,4544403087208.442,3328435854234.051,0.7552978356459896,17.54201592086386,77.53782776783899,10.273333129791075,0.6226452905811624,16.49949543535805,10.273333129791075
27.765937849009003,1.0738355493388763e-10,1.452750874270857,5.1561901344066845,29419.007946016955,302.33225881619404,1.6439880824413236,189.70704369360337,12589120665869.148,104996550431586.9,0.9058325914792813,13.01055796746225,76.2353524111746,8.984631648102798,0.732064128256513,12.273011750351209,8.984631648102798
27.046772862563447,5.546945803882784e-10,1.4167010235680073,0.7054795351638354,23235.41763675807,321.36031402928865,1.791963267875583,349.7880932390802,4.2088352824500744e+16,107967324896.27153,0.7066026536033975,18.617802045278037,74.78669479951222,9.838480119641073,0.5731462925851704,17.16573978916397,9.838480119641073
28.47338389812618,1.890569819996824e-09,1.343667315280857,3.7706992990847583,30877.79978215409,335.56145256903517,1.744690226835074,486.0773404921659,9279933903072540.0,1078389612964311.4,0.4936426955384688,22.83459134625189,57.444504846309755,6.475218818180979,0.33346693386773546,19.417873739617242,6.47521881818098
29.379536794821856,7.65011960078215e-11,1.0228002475749696,6.221151860430338,14155.90588325456,325.053980551166,1.482353070245432,272.8492437613845,114797803120576.92,719065633415589.6,0.5846234403448836,17.5399051513955,63.83349163213358,6.545639236326529,0.411623246492986,15.902015476762113,6.545639236326529
27.030518876410525,6.861982831505758e-10,1.7533686139505456,9.373265699281268,541.2618073257671,372.63916341645574,1.7007337675872396,560.0209524593715,210207524315.36194,3491701339259.986,0.6769137428906692,22.45662674563321,48.56593302252686,7.382604252730846,0.41422845691382765,17.822542438861596,7.382604252730846
29.73577804448476,8.327248397267866e-11,1.4316502081012525,5.6321217257400615,4028.059523075234,284.1861525406838,1.6197408832894462,228.29089287533853,3.1635191555155456e+16,6855828275531351.0,0.9928498858925306,15.820709831645845,74.09416390901815,11.638407444515913,0.7893787575150301,14.743755559313128,11.638407444515913
27.797881378112415,3.353946971199159e-11,1.219504150948343,4.881972102458947,17742.35228723446,330.00362149376394,1.4276960308576487,123.9313616278864,2313905794980.0024,793229657319919.8,0.7050449972622992,9.404406640820362,75.00450165967932,4.9731958746370335,0.5653306613226453,8.796968243331724,4.9731958746370335
29.728883345210864,4.88510115888447e-10,1.3189695925826421,9.308368969452635,1453.3040704090117,363.49444126529465,1.847951758987942,390.00100792968203,2.321323226681573e+16,86620963815.89148,0.3622601023781046,20.78802983661484,33.64119612951065,2.5334087486006123,0.19539078156312625,12.965856056940568,2.5334087486006123
29.950600557099655,1.8360785017494423e-11,1.473934214092394,2.32985166115181,422.20809507517475,280.3725508077621,1.562376058220404,453.7183567220577,53874355274317.04,129534391597.08832,1.1489438573549835,23.22189386368257,74.02579037828943,19.75056375117338,0.9769539078156312,20.21647448581645,19.75056375117338
31.947200184657508,6.58529325944424e-09,1.125653306837497,4.268052781351249,6276.157996079715,353.3490797529937,1.583186077454745,547.7690876412087,555776369452.9146,210226943829.28778,0.46232462699600335,26.782145216771696,55.12137292717354,6.825153364444748,0.29959919839679355,22.780946681323947,6.825153364444748
30.29859905453543,7.534394755216932e-10,1.837210214861655,0.6591988221381198,705.965431269582,284.84945822719664,1.4960571121246056,102.56968637976101,105989247817661.36,4991151689165.174,1.1483721079168756,8.765683743895305,69.73784356156142,7.019997336504369,0.9899799599198397,7.091049941124859,7.019997336504369
29.947350688435968,1.4280300342795967e-10,1.003207690685184,6.8041333131948445,406.0524876397484,366.6170430817744,1.4113269938539685,418.28507395397946,2.3415708033392812e+16,10172484353326.27,0.42604844158934163,22.127075232429178,44.84273017877228,4.227416513971265,0.2527054108216433,16.728634738078203,4.227416513971265
29.65050047926358,1.1087472227892499e-09,1.122408847730467,6.814285587943484,18226.772127373133,377.42208328353166,1.6215259996791733,306.7029110065281,3310226366465167.5,6311317327468.0625,0.2768217802045104,18.439167401816505,35.7485274497394,1.8247346602605832,0.1537074148296593,11.871481036115137,1.824734660260583
27.543827926730184,3.28453319124718e-11,1.1702303005927437,4.6999349587402905,692.2274406906173,281.9718944011486,1.426044387484845,657.9307263717794,274011031111.6316,3252855970.4194956,0.928784618470468,24.30573523123198,72.45201300434066,16.355891977005168,0.7346693386773547,22.262929886867372,16.355891977005168
28.707130673201195,5.436267854034046e-11,1.9626938521724977,9.127661227078482,2039.325253925182,324.8731519416259,1.587556826537785,122.71966998587693,5715852795050.873,7222944657.385057,1.1550915447045307,9.594880524155315,71.56239364574705,7.9312353027685845,0.9196392785571142,8.624289422709792,7.9312353027685845
26.614221980090736,4.814871696334277e-10,1.0987648577135622,1.2087269731935832,2890.8624608049226,324.2282365122639,1.4688173925661845,102.6694148853178,1438290628124.0505,44796674924.280815,0.6053105089674105,7.710007335438398,77.46769676257162,3.6153774844333295,0.5080160320641283,7.116660215906239,3.61537748443333
30.801490661653204,5.575900965491928e-09,1.4059443974879697,4.169261919709583,8413.22623685457,342.6922015704689,1.4920700933467046,164.6134733775168,42234887716799.234,8990804248702.113,0.538823673410781,13.001103842022976,65.15202215973936,4.564096257063219,0.39599198396793583,11.525728908271995,4.564096257063219
26.832245618952854,7.582640745374621e-11,1.3059429964305749,2.7607223700368078,2639.5052647691577,345.3063584319739,1.6546949418079961,220.8739373484065,414604758514.45544,566360870099385.9,0.6725681996203385,13.967454951251542,72.77086704080436,6.836143300301279,0.5340681362725451,12.800133233959992,6.836143300301279
28.875828096306712,1.5360931497150703e-11,1.258121499649558,8.079531028164718,10079.817046931754,367.5816632897378,1.701043913000846,353.743560614833,36291923380742.55,22803437073.289913,0.5915408716101437,19.97871439180062,53.97444023804301,6.3788213970218814,0.3751503006012024,17.003375411933327,6.3788213970218814
29.904793769107293,5.69123171863608e-10,1.1548644114288358,8.879496616444673,1725.5851974883133,284.97387655210684,1.5639404603898919,621.9140288269455,3.1749691894842624e+16,2708874723523.6953,0.8198487479915479,26.00887603303488,57.87739483645529,12.341396261024588,0.5314629258517034,23.221556313164665,12.341396261024588
31.73803964044051,4.22401476534665e-09,1.8252307170992252,8.625158633885619,1835.4849350670977,355.64689407555437,1.6886695015380746,531.810401044184,1166048582890.916,131752050324404.0,0.6576927280107625,26.21200317751746,46.89696486797042,8.084775938171406,0.3907815631262525,20.688734323833497,8.084775938171406
31.74555460516503,8.090772080621277e-11,1.986161323955627,3.908084945092637,793.3174258982799,291.22862298002383,1.7924809566440887,432.895240225941,6962861586088.832,18161536528872.656,0.0,24.127703672196972,0.0,24.950491718514986,1.1488977955911823,21.71689406512991,24.950491718514986
27.99260712704603,2.2134681233374557e-10,1.8626641257530911,6.7480314732198154,10587.750031798485,338.34935514695763,1.8956990244428105,244.8460397745356,3747545930326.6167,4445417667.2421255,0.9043964460844247,15.6063102436593,67.97041417440613,9.593542404509197,0.674749498997996,14.217931867686634,9.593542404509197
29.324117012424264,6.919547727654296e-10,1.7259615728988198,3.4873700743027585,334.5904983169503,343.222953708832,1.8993477462601913,276.7296122739955,1269424028921.9666,93835831079.76892,0.7613336979621874,17.48404031603092,63.55321351880377,8.459688410991912,0.5809619238476954,14.561519548413122,8.459688410991912
28.552492848662283,5.658988180492312e-11,1.34696002536753,6.454426038077754,1549.0162497262124,319.6058944783655,1.420015631399632,650.7655009737218,27625857003201.375,198154806989.88525,0.8526890059734551,25.184947270462324,64.74841352902368,13.904674962175589,0.6070140280561122,22.906678131811223,13.904674962175589
26.518905177472305,7.990052743887678e-10,1.863824950263755,0.6033013605135231,617.3691653296233,294.6389828886207,1.7011374276738964,652.7383016310213,42326289921565.18,255061633870.10507,1.1756501023737396,23.485583103348066,76.54116899360015,21.133650657601237,1.010821643286573,20.907398251671328,21.133650657601237
30.595044113580148,1.6893015683751893e-09,1.2467561392772097,1.7760983506172834,1642.9338015357112,357.5603392226631,1.747531694957489,499.51222381372315,9474828571012328.0,87078750039.33057,0.37889172465344656,24.770123852897292,56.98008187581518,5.347691764722693,0.2605210420841683,20.526909158435572,5.347691764722693
28.03810235281706,1.339733298863552e-11,1.8687457758035335,5.907811402237346,1248.0862072256743,286.94165314493654,1.7617047515812296,549.2425117294367,993280507245094.5,26697266491.36367,0.0,23.43312405651906,0.0,25.053139557462373,1.1645290581162324,21.51353749642699,25.053139557462373
31.47929635105163,1.8174984830888868e-09,1.6577563235839703,6.579250449533518,20357.076101709863,372.8307133097124,1.6978187090051198,350.0016465775291,15219622388355.258,541441933082442.94,0.4368660151817976,21.586203673112973,44.02947306630572,4.152102056211349,0.25791583166332666,16.09867075407508,4.152102056211349
29.867632039006,1.7052893931248614e-11,1.1421860130150272,9.021821772027494,18577.886112567827,375.1832448697469,1.6139254836641617,570.4365445844243,9318589138555476.0,162135584250.5209,0.49535591245990895,25.33072925446595,39.86403723007861,5.002030364732552,0.2761523046092184,18.11330298985155,5.002030364732552
26.872026267362852,9.79668366533372e-09,1.0302192037513498,6.053892003372142,6315.744439186824,348.17893419696486,1.5278138719845447,532.9475465793105,1987913026947.7822,635722803975440.2,0.3807483802634632,22.29531573520695,46.83826109711759,3.976055653826291,0.22404809619238475,17.74643802557531,3.976055653826291
27.314700044507806,1.2306033336219094e-09,1.7834134858339759,2.05166835452945,946.1782819330687,357.9103738734367,1.4429994858174764,214.4565714799985,54098526611937.41,3245439377370089.5,0.6229726601381205,13.920294700593006,65.24496995366276,5.658019666488361,0.4715430861723447,11.99894523407434,5.658019666488361
29.371267009358064,1.4555715036409614e-10,1.9783702222224766,4.744370800968628,2330.611834331785,321.16443168877237,1.556090036303398,295.41688584255064,1339745662226209.8,1931297513.6924138,1.1180164253373754,18.36246414337166,71.76622063515558,14.733272475723306,0.8779559118236473,16.78133523256318,14.733272475723306
30.090900353877913,4.0143339132990355e-11,1.3842080032044928,1.6360819310912535,4031.828849950983,352.93504449521396,1.5773277880281822,198.04994652415778,2285775069218.4395,533077594954333.7,0.6874025257566776,14.535068352682226,74.19424377077061,7.413075351333346,0.5549098196392785,13.359063200849906,7.413075351333345
27.605892410359115,2.109151513955935e-09,1.3311994068062112,2.049579032561033,9007.76648788448,326.8545029475207,1.4156386256374032,675.9654516066391,770053094492.8885,297747987797.8566,0.725030472464473,24.699981042004083,74.00213546720171,13.252479228881977,0.575751503006012,23.01770670105154,13.252479228881977
28.308767809974242,2.939609875977227e-10,1.7854440223341705,0.2596847408162423,23170.964011118387,344.5989460203011,1.8753244395744677,590.4337224498915,3.690024999793269e+16,16106599378297.086,0.6411211859667041,24.35310573850669,69.31330489904497,10.822088711642053,0.5002004008016032,21.635505877842085,10.822088711642053
28.14385389726305,2.1317790473687341e-10,1.658032310384113,4.3839322257100966,9190.636020186696,289.18480160800294,1.8149933244924443,222.5131837852025,4.609837931730356e+16,12269322994.076666,1.132317439540051,14.731952594509902,77.14330196308298,12.86846462194568,0.9274549098196393,13.875029918649297,12.86846462194568
26.774985176614386,2.72664332883093e-09,1.8187018277030145,7.439842314836224,26367.01266564504,307.0539628685416,1.8133243694951438,311.2243180260525,167645443248157.2,1315831285022.1768,0.9622541846093358,17.281862634156358,68.35314120780322,11.366816128326514,0.7138276553106212,15.923754205600591,11.366816128326514
26.035100136041642,5.289158486825218e-10,1.7475058877639529,1.9106133590376584,23084.03498256148,333.0399539418504,1.4891230015755466,487.56854255013116,1417543030556.725,2784411623.6064935,0.9640575717347143,20.907925508213356,76.46318958064097,15.412259908499937,0.7867735470941883,19.589194330976742,15.412259908499937
30.111891454515455,2.148249156379481e-11,1.1062174483764353,7.451446919181771,407.7598552546443,360.97691790479547,1.7980743793239138,184.8360568466596,128909191227675.88,4746554117.141435,0.4972141371102259,13.601560190251812,55.87218618910459,3.7785733825789083,0.3360721442885771,11.243339999444697,3.7785733825789087
29.795427318715923,1.5445075617780822e-11,1.9444808563227474,2.2357612066219006,7341.576218581628,292.829142437711,1.5047982241633882,370.5697893300224,274521806456753.97,9818444345825546.0,0.0,21.12546350907305,0.0,22.742874134786366,1.1358717434869738,20.022396247809453,22.742874134786366
26.155557368545665,1.0021742943133478e-11,1.350367094714948,3.7883324044637154,18521.428192131065,371.25825476973023,1.8402624881796594,185.90725029162866,29691286188638.973,166416405041866.8,0.524241731798608,12.078336687651461,65.34533472166916,4.137645777108364,0.3881763527054108,10.659190721616284,4.137645777108364
27.87566640670545,9.765940759935716e-10,1.237142863191092,3.3695087280159193,16628.738306780586,305.0509036088995,1.8821620434424313,283.75573656210815,138410379347.992,60856409642.014,0.7871637184664962,17.04674229964417,76.50145177917688,10.26540625619847,0.6382765531062125,16.083006975959297,10.26540625619847
27.027229653460555,3.314979893882899e-10,1.11271606632786,6.335278997005016,17774.530626911663,316.25188818037356,1.484246359652702,340.0149974706478,5197576961171345.0,13816998758143.488,0.6421743054070893,18.319486233435843,63.60376080002421,7.4825393608513435,0.4507014028056112,16.601988177255762,7.482539360851344
26.60685927996562,4.088476096613811e-10,1.4680853814555932,3.4057001090073826,525.1957367965924,378.1111935620275,1.4880216599466278,215.6457344744473,747302013861.9867,9802825478728.209,0.5799720869530118,13.552613288958916,62.97178213290779,4.949668606976286,0.4324649298597194,11.445248539764444,4.949668606976286
28.6620174468962,5.606238197324996e-11,1.4294233830215282,6.800514140404836,1157.1803837951397,371.52457760303804,1.5531731185888529,218.90741849371196,5.338350455538347e+16,471980733455303.56,0.4658200004191638,14.742304137820625,50.42406336400518,3.4627515941079343,0.2969939879759519,11.659332290552356,3.4627515941079343
28.058825749060794,3.3442254949680527e-09,1.5188142491538001,3.5981744829584157,15108.56366897696,355.21650668644406,1.5489374213215528,464.00710915478425,16456646531121.738,1017100359.7494586,0.5850437135928568,22.078010005942975,62.421420825969754,8.062725843286497,0.41422845691382765,19.464442166424586,8.062725843286497
31.770894448401677,4.455405413677529e-10,1.5984326016657833,6.078935971637491,3992.8493228206494,309.00478447735935,1.885788062454028,473.001047509171,1060542710692813.2,1525981614793.903,0.9228060561683612,25.166737472501985,65.82613841429337,15.287474071860643,0.6643286573146292,23.011914213751016,15.287474071860643
27.727168402944695,1.5597210970197602e-11,1.3502301965678862,1.9257548068302428,6670.778748248356,367.90038848027194,1.5513774291228262,299.729575248428,1052414984361001.0,11089195490.645649,0.6495635252553866,17.5126354535447,70.2468509158223,7.990979152005679,0.5054108216432865,15.81085882970196,7.990979152005679
31.576624560066193,1.2346399997098024e-10,1.1011994459267747,1.9119032482222869,23200.22260872524,304.711928836902,1.7311344019156432,193.69913412295907,1460865235103.0164,1427800508521870.2,0.689258156388015,15.019307971429244,79.17285045145901,8.196116403631985,0.575751503006012,14.235510217237593,8.196116403631985
26.88819932061537,1.1382869587565925e-11,1.5012331895262763,8.65472276997676,1418.9990046742957,292.816227064571,1.8911154147828189,506.043177693648,1.2709948525411512e+16,184063597626140.12,1.1195489565440384,21.778123804163613,67.29269512924863,16.407086750332166,0.8258517034068136,19.866867965095246,16.407086750332166
30.189453643935142,1.4245975771482209e-10,1.3243399932036395,7.226194239765847,8578.789594710535,375.05883840490935,1.684329908924161,276.7726634726041,86531213848333.2,19769546958607.18,0.45010870660607794,18.159141084203068,48.39413918538722,3.955537314329191,0.2761523046092184,14.323752683964198,3.955537314329191
28.560378797461475,2.362649888583893e-09,1.5846132122158378,0.2924701307509754,4361.940894412218,343.3603785941861,1.8576306257720352,348.23300419851313,279773100382974.56,2113402199139.0515,0.5602530473022375,19.61269638709667,70.21258475853853,7.715010009957115,0.44028056112224445,17.522940350335006,7.715010009957115
29.18993857081331,1.5918869115822154e-11,1.8972836675331015,9.12204093034993,3945.656007821177,335.65555157209457,1.4287780179719771,458.7703078718541,37576016620849.01,91897862842342.25,1.1267700025092138,22.811693957540225,64.36043716452264,16.542905856550256,0.7997995991983967,20.683813636729088,16.542905856550256
26.282749499573434,1.3572599939388267e-09,1.286893823832314,6.586712238440459,5678.739549846626,302.68414846322327,1.6202261726081333,601.3799554319947,430080608567827.7,3028085362.3318033,0.774420206993003,22.71574139188923,64.35457962885397,11.3209546352244,0.5444889779559118,20.79188944783576,11.3209546352244
28.657452987924977,8.616172324782229e-11,1.6416456789116327,6.222726624693556,331.7387493334662,340.7695509418463,1.7674248269924684,561.2380194409452,225867956324.95822,133539246004.00578,0.9286866909973028,23.797765945019886,62.007424372069586,13.704055311197413,0.6773547094188377,20.231726628069552,13.704055311197413
28.527641363309144,3.461904819773567e-11,1.4207338711650097,0.897069451090805,532.6409666897725,346.86947628434194,1.5312862305800774,526.8435084877435,194379816632.71735,8688031188826.87,0.8490200677509377,23.560969124935422,74.31080699399169,14.864937355333405,0.7060120240480962,21.054793472356994,14.864937355333405
28.348691981521043,2.4598814401298994e-09,1.7839515802055619,3.8804844960835805,5564.5241062749865,302.75488688194883,1.69020341809021,148.75881636851346,40515919979300.266,19014887958.79456,0.9892137252806715,11.075332421344411,76.41968197567742,8.372441656069904,0.8128256513026052,10.300415153794088,8.372441656069904
31.300287092549137,2.1612372982077826e-10,1.5907737486375348,3.731742231234102,1195.3141770100747,300.29197830615334,1.8559357913335097,579.6794694561715,630328387663.5148,168684094446444.06,1.0559153043419418,26.68407795172488,73.65219080618003,20.752334297990867,0.8414829659318637,24.661621373416153,20.752334297990867
28.511184662219918,1.112218116563381e-11,1.528367320376222,1.4744551128316878,831.5122011269206,349.6040961424093,1.5285710185705979,635.13292110509,877038282339558.8,669860538699123.9,0.8066153507105568,25.034640064795653,71.40729512782731,14.419507161574845,0.6408817635270541,22.499481155803153,14.419507161574845
29.691137229981106,4.041557603279327e-09,1.36168467502215,5.581577653478682,3402.3642066319917,370.37907080779706,1.4824577043043066,446.8364579120155,3361918378818200.5,389357301888.82916,0.38067282195866825,22.826168438415735,42.73566887358795,3.7134313104686747,0.22404809619238475,16.574259605759114,3.7134313104686747
31.205489147695857,1.3153590016471092e-10,1.173308759895916,5.923673882969312,2193.491824584135,281.51901046820046,1.4349192962467514,217.16630812395402,4130282498902980.5,1754997944868858.8,0.8291462769246178,16.031788838129224,72.04633270416114,9.576901446307224,0.6434869739478958,14.882820995662735,9.576901446307224
29.273845244085337,2.073463465782321e-11,1.5344189522418459,8.58493351385006,9975.97284362547,309.1098163697375,1.4619453046441788,640.4090198573458,1.3320866620029452e+16,2376881640.134063,1.0633681307397307,25.789127856071836,63.85874333248549,17.512198184782296,0.7398797595190381,23.668978586691132,17.512198184782296
30.942046938947385,1.9572121961533853e-11,1.063283633402037,7.6342887920333435,3737.844618259537,321.4548024090319,1.8519310979880108,603.5821432406523,221687307796.83588,20540484985121.53,0.707519140137562,26.749565122966082,57.843263430206484,10.947317306942635,0.4559118236472946,24.011917961162087,10.947317306942635
30.633604419244747,4.481998835117513e-10,1.9830054990761883,6.9232655455459735,510.841328190004,299.82980119999536,1.8131228105997308,698.0540038865801,389077038227.2443,5038545965.858535,0.0,27.27403553218765,0.0,24.678313847336984,1.0290581162324648,23.98145785749008,24.678313847336984
30.5803223248597,1.5597781962358276e-11,1.0685601160648475,8.910401533494692,12615.359311585195,368.15631998643823,1.7252567010663769,293.5218531633151,2.740811336813702e+16,123328847998.5266,0.4517657334756,19.046366500060678,44.07550014705285,3.792474528986579,0.26312625250501004,14.413136252584179,3.792474528986579
27.653065036729096,4.562482982245017e-09,1.6808225924932079,8.977586430150579,648.3396444547817,375.2296797765631,1.7063710783501636,500.8210264560566,3.0504469874654956e+16,462669448743.504,0.25302613824225206,17.598537221841728,28.41063785518987,1.2650944269758588,0.13286573146292585,9.521600589154653,1.2650944269758588
30.317449968175172,8.337231550858576e-10,1.7877527188659603,8.990039359966412,7246.390114231589,286.7639554503064,1.49157017292489,672.3869093602505,6.4848933821686376e+16,5914161719394916.0,1.073060797268294,27.060484718583176,61.51165121338691,17.86147358991844,0.7294589178356713,24.485921212553027,17.86147358991844
26.22079640240071,1.4039269272003771e-10,1.759672703987996,7.578280875846743,469.69702551138784,340.9488887089519,1.4714348092704286,395.925599720676,2742295209819.7783,2355744588.454191,0.9738292215845291,18.909464088771927,62.893531169476034,11.581585080085645,0.7190380761523046,16.10705394359737,11.581585080085645
26.480116553159657,5.403545953370705e-09,1.744645964201534,9.331875021374914,2754.101011118835,321.32924989528044,1.5792036462510477,469.784257631254,12863416206634.367,167460598053235.44,0.8015750868275867,20.877867432855723,57.53798844553095,9.629085014284142,0.5288577154308617,18.207326343796087,9.629085014284142
30.807903957295174,4.2416397494459075e-09,1.2428009302452772,5.364816083065279,884.8898904253155,283.75558234203413,1.7539126520849186,429.3887643610748,2205787530643195.5,4105446337.7679114,0.8255890421977294,23.303563097030693,67.7895758971977,13.042149266057482,0.6148296593186372,21.21262217654069,13.042149266057482
31.973157074371652,9.617134742405982e-09,1.4649998255035128,8.687375408801593,970.8164164372766,353.7566161223297,1.8396129284067828,588.7997596484671,7424111220982346.0,1742554719392.5798,0.34177471127736375,24.898497433862893,30.094180167980976,2.5609174593878254,0.17975951903807616,14.246352421789576,2.5609174593878254
30.919939686672635,1.1806316978280375e-09,1.1324513981442044,1.3190071598322972,11062.270449747293,342.5464088772924,1.6596880585956886,644.3570745092969,906863956735899.9,592962482166.6056,0.48739641759439645,27.30715549004903,67.75752369945936,9.018126472758116,0.36733466933867737,24.55016426571904,9.018126472758116
28.4835908490571,6.542339580492428e-10,1.7602752846863483,5.730662408101417,3292.4695295695033,352.69007026541817,1.7526322749535181,598.2081043681367,237307092120.1881,192603832478848.0,0.7707742421969224,24.562735349488072,60.618253654730815,11.47644401852818,0.5314629258517034,21.594063217366372,11.47644401852818
29.08256270571014,1.6752489719689276e-11,1.6790100281695197,7.22209390121904,3525.7729304006207,359.37989776497625,1.5501240543146506,221.14433111886166,12717557516765.703,741914045660.3354,0.8622059150683414,15.136222293210047,66.5624159710823,8.68675498285945,0.6356713426853707,13.665481514649638,8.68675498285945
30.17560161441301,3.4400108600612797e-09,1.7209181900786765,1.905078078882095,1707.7888336429487,295.8413713447778,1.7433620997790256,248.90312693013647,142010872963741.94,348986721050657.75,0.9546387963716955,16.994344907016583,76.17271277876267,12.357850325289279,0.7919839679358717,15.603662227528721,12.357850325289279
30.02563564952969,7.854561997149845e-11,1.3328667506163407,6.602970008709712,3971.325630490567,289.6393487470044,1.836995794636773,407.5679488321772,69209558559986.734,24494882269.008724,0.9725267027159276,22.271096849522685,70.67379900906984,15.30740518958714,0.7346693386773547,20.835775203502408,15.30740518958714
28.261962913823226,9.964937678774682e-11,1.270735682829427,5.760584431538377,2657.9739519710593,368.91976853146673,1.8706719885235803,231.68405753685454,398687456953.2568,314313373869997.5,0.48212155302159554,15.172463612816092,58.082412971199524,4.248712083238235,0.3282565130260521,12.943268190084734,4.248712083238235
31.969168421831654,3.897626411719478e-09,1.0236974021187346,2.6623827969233673,386.08644474502,362.07793770411666,1.690703488146158,408.23112470023233,212177482405856.28,58500396668.70695,0.31489402957322365,23.592554539404418,52.09366457848339,3.8701188610662447,0.205811623246493,18.804180249971335,3.8701188610662447
29.609830214833178,1.2359500954555322e-11,1.6460117239708396,7.397451535752542,7015.401437714068,313.21175183122205,1.8131314575637711,529.3263982704892,588550777209.3425,23227878398.450706,1.1742779495484819,24.5122373532967,70.0634185394437,20.16718037908394,0.8779559118236473,22.970607188228456,20.16718037908394
29.82265047906943,7.383264052675756e-11,1.119432941446237,1.7186961328689436,678.0072862724471,327.7790906818382,1.7036927267147486,205.84136491264897,1883560881092043.5,92701818260.01503,0.6323570836115318,14.769001420692733,71.55058334184666,6.682311227641427,0.5106212424849699,13.086629915985371,6.682311227641427
27.869348830363766,4.6826949095311664e-11,1.785206135943191,9.606175562781395,3054.918984354348,284.20306414319924,1.5302846582127378,194.83017467130765,1.1391311005122952e+16,3926249662.118312,1.2992979739255746,13.270306231521332,73.58449880286824,12.687499622870432,1.0316633266533066,12.29810083879632,12.687499622870432
31.798857444130302,5.828292374230632e-10,1.5177397870741633,8.504036099708031,359.00065634706743,357.71527494070097,1.4583020227842582,604.4668593642593,149643313280311.4,2678587368.703062,0.6659233614126231,26.91746649742742,47.49728448952534,8.513873886640601,0.4012024048096192,21.220894452715584,8.513873886640601
30.999470232807944,1.2076535190461577e-11,1.1383706928936035,8.018680333500964,2689.9378611968386,368.13887043548334,1.7177146363955416,474.1172526222448,5667749362909.884,8625090583.327255,0.5613047958009751,24.542676170114696,49.271822801152545,6.787647796296492,0.3360721442885771,20.196996126129697,6.7876477962964925
31.767034345380097,2.062495774310432e-11,1.5290106000735677,2.8711721901808467,1067.287264409465,339.4586219302813,1.7989670585894344,566.3076896987673,1.6323381663667852e+16,112284333485.92152,0.8052533875777458,26.88450171710805,67.5878138758884,14.631975036750152,0.6096192384769539,24.001826243715737,14.631975036750154
28.794508290290445,1.0666052564879324e-11,1.7468576231363655,3.162962498994374,4197.464835903309,296.93002820194505,1.8096997535671642,590.3633315669667,1.8395749562830796e+16,2096809520.032269,0.0,24.751734186042846,0.0,25.006800254505084,1.0733466933867735,23.2979711109,25.006800254505087
31.954752258650082,5.537812449779659e-11,1.3094336860473494,2.6434901460663722,1084.0901456976048,335.26613561036464,1.5199052721518898,336.2627868402428,858300755215839.8,711513959383661.0,0.6971951265985837,21.485296377549826,69.55525244379173,10.418990038764596,0.5392785571142285,19.32023793884628,10.418990038764596
30.156449001601278,6.066923717328738e-10,1.1477285625410687,8.19793289510457,375.44798339243385,306.4191663235302,1.4285294584659805,500.45738535067755,16226561329560.08,36672404174751.164,0.6752859805610804,23.946432900899634,55.47518239568623,8.970720006481548,0.4350701402805611,20.619020189932254,8.970720006481548
28.08218575582154,2.3292826532507755e-10,1.4579610101661808,0.6466904059419372,2293.2587153874806,344.10643631152027,1.6730261230377168,145.17025976697235,1019379543565507.4,145224297528.63464,0.6333352593718848,10.770007931696506,72.01717036124582,4.91230974690279,0.5080160320641283,9.669595912049278,4.91230974690279
26.086608816674133,2.929453921765188e-11,1.4975596573165595,3.241936258494673,7740.44675404999,304.06534755657646,1.7863980842375842,271.88630883638797,531107269091666.0,393110516073247.2,0.9736888098669815,15.540554518588742,77.3296274456832,11.701259423729995,0.7997995991983967,14.630239169233947,11.701259423729995
28.313336771862495,1.3817033973665221e-11,1.5354455210588809,9.955008803136103,27414.714834789633,302.1022193944168,1.7778482547121262,306.9710990920396,915450531373.1964,45856711189078.58,1.104999826360579,18.130102432372155,69.91015967044022,14.005633631726663,0.8206412825651302,17.066693973703554,14.005633631726663
29.005212377160614,4.1465955088082566e-10,1.8273926622355083,3.4981280236967462,6826.365207275208,316.61914669626253,1.4213619482902144,326.80906440180934,5.014259190990252e+16,2414556513258.109,0.9662870798059054,19.23711255294907,71.80050492962484,13.346689497722528,0.7555110220440882,17.665777345791888,13.346689497722528
26.64938262102121,1.1573920319111516e-09,1.9633793497185212,9.09786341613372,4404.754172362591,317.62807443485315,1.6903388342546202,589.5586373195497,1.4703612613218056e+16,539395345546548.6,0.902470933464196,22.867576403413036,57.39521927301878,11.844836801047087,0.5965931863727455,19.85412685160395,11.844836801047087
28.732858270650425,2.2728667152619367e-11,1.5691734267387765,1.7330025147269792,418.71321493068154,329.8667833428861,1.7276867250233139,612.4883838438358,4977523552954055.0,1001575261945984.2,0.84758841570354,24.89978011504035,69.38161148338472,14.64282618102548,0.674749498997996,21.70112938619458,14.64282618102548
30.56041262492534,1.287413890788955e-09,1.0101375691406997,6.335802655730263,550.7615433883542,285.86671323325413,1.4782060760528277,593.9752968650502,2904667052712409.0,4379321571865348.5,0.6553129267315851,26.041041892213013,59.0564350977137,10.077999179873077,0.4376753507014028,23.02619775987484,10.077999179873077
31.87385755190246,4.78466966271689e-09,1.1329260509769992,8.808150861064808,15040.915437044087,367.10858598596974,1.4758428085582456,170.0750966639905,3.4902238147704748e+16,16473525175.364689,0.2897465656555783,13.501131999567068,37.53052869709978,1.4681592401271424,0.16412825651302604,8.945194881849135,1.4681592401271424
28.211730386255606,2.333213864702071e-10,1.1244425278295644,0.4022160227189646,30773.786718892,367.6657244834961,1.8561689646753186,270.7378415632711,2092230055019.499,957339343218.9111,0.40914424379879993,16.76961707449145,70.56929754048538,4.841895206710077,0.32044088176352703,15.110104491234075,4.841895206710077
28.71991621386804,1.0394373460858995e-11,1.7792531125598328,9.96733697379177,3608.9572712829636,318.8258695012451,1.5963759466106016,157.6462793032604,3953401385964.3853,3272875766459.5854,1.1615663065386335,11.706446441542802,72.60919492965633,9.87326309611696,0.9118236472945892,10.828040186730467,9.87326309611696
28.591088006808185,4.3162266034830333e-10,1.8490656486374066,2.407374566456198,359.1934113218536,283.8225445282741,1.467084402653429,442.2897908826415,7064946219677013.0,1613026769660151.2,1.1697213925614567,21.898701619844786,69.45828430993515,17.792003296639475,0.9691382765531061,18.358580738261164,17.792003296639475
29.810679211849827,1.619682005879907e-10,1.1545147081561473,4.133899726546095,1461.6058339364215,367.0025880857138,1.6433596887053035,235.7175399727173,5405133200621.058,9021757551.57715,0.48344300986346805,16.177393667460624,62.47769175205063,4.886285234826379,0.34388777555110217,14.208952984722396,4.886285234826379
31.511512694414787,1.4159161609001473e-11,1.0128462485558942,1.9932915485633136,13235.734161818691,332.34667866310815,1.712921643688493,314.63900524944086,258266402609.18613,984253884440347.4,0.6259412929729968,20.468085333976656,75.85304770986092,9.718155784356966,0.5054108216432865,19.22823051702667,9.718155784356966
27.151365632752444,1.2565437132430736e-11,1.5727041359331937,1.0162343597690906,491.50020546562644,360.0377031482525,1.6458047946589978,244.90507134828582,12352604601128.033,127258515241544.06,0.7512074108343602,15.118060494391552,69.19659908052628,7.858518728342209,0.6070140280561122,12.946189651511268,7.85851872834221
26.39812486853961,2.235845798054375e-11,1.6162620349905696,6.148322997777652,27856.360172059696,317.45494812554495,1.4325388135887578,422.5224609097767,676208881451709.6,9488979327.77471,1.0619422169789683,19.938532011000685,71.71060269156064,15.183693860229369,0.8154308617234469,18.62045523778436,15.18369386022937
29.31717184121118,3.9201380838110815e-11,1.8447300578810684,8.38458265868153,2286.9580165252823,376.6743190512804,1.8898869372248708,177.55065336857172,16079880947775.758,15931266049329.396,0.5989707583560473,13.044586230619432,55.084091833641594,4.303899507702638,0.39859719438877755,10.79761616060139,4.303899507702638
26.509026857488667,1.4059391076289728e-10,1.2611720840165908,9.5300921654737,2104.6100778112936,356.26708585475126,1.5933526817560868,179.0872422513013,1.5097644013989664e+16,1006742535.7549429,0.5180717675005647,11.860756593271034,54.30108994428028,3.3366516348265747,0.33867735470941884,9.8520068980974,3.3366516348265747
26.3356452438467,1.239233707069564e-10,1.6868982555187366,3.5487020938496023,429.1663230211714,311.78400337341486,1.5224904294950812,103.25187989091877,161737780505991.25,6554225860.39232,0.9873602849459705,7.605881168019793,59.719305574410505,4.484767562809262,0.8154308617234469,5.499874696096883,4.484767562809262
27.724977732779998,8.38628255263049e-10,1.725115688822977,2.7818651431890213,1440.082398179104,304.6909238127465,1.878444300158096,214.3118361924417,1256271830920.32,1303908363027.2378,1.035803777287656,14.126339451390285,75.94333536265763,11.112116744545629,0.8649298597194388,12.847419498443626,11.112116744545629
27.135838155203416,2.9520612824729305e-11,1.0958795377010855,6.473678231460845,5298.641172554415,345.01628918779664,1.786650004004698,295.81480767554547,3.2399805394066936e+16,135653897937432.42,0.5101941161584564,16.99122323431674,56.350824044474294,4.884952699841986,0.3360721442885771,14.53542872523048,4.884952699841986
30.82825153148712,1.4550787271001104e-09,1.3584556454325618,2.9737183830138227,2213.2686840925435,289.70303605333584,1.6256402507829735,125.88458985714391,105602879448.49553,3315069031009851.5,0.8663920697240637,10.550677312554965,78.19804663269075,7.148101548525484,0.732064128256513,9.764310628837165,7.148101548525484
30.136021163527356,4.847756989492489e-10,1.341102039423058,5.791272543913728,19193.38401780236,345.2380133943865,1.701240998976752,376.12270178300685,11862662753237.281,77594296044693.84,0.5749876256605622,21.527390559182386,58.1789338940659,7.201378654207767,0.38296593186372746,18.80422788304383,7.201378654207767
31.885885646094884,1.880498886335945e-10,1.3922052040142008,4.395512029177417,2244.336311784666,379.0624773368495,1.7533891287546703,315.510669526355,16943933682309.76,1036521877934.4341,0.45276105813402673,20.69934650729784,53.97090816666405,5.05807688943881,0.2969939879759519,17.030906665519343,5.05807688943881
26.2202731254827,3.8322091727194574e-10,1.8113809515227648,6.673564373433605,788.5726193578067,352.803424137837,1.759729303166015,257.5235293893983,546069526254873.1,18907897174921.49,0.6429704351831458,14.979213563120892,57.25897876971976,5.5147218752884575,0.44288577154308617,12.451792831533666,5.5147218752884575
31.03872574313709,2.559864251661443e-11,1.1948385045115226,4.962501136924492,387.51658815533983,321.55941976017067,1.7941095209998617,189.22863639039895,57503254044186.766,8479780949723596.0,0.670392463554644,14.33675321400725,65.35619522700917,6.2815481676432885,0.5158316633266533,12.177515678531472,6.2815481676432885
29.035520080549187,3.1258740301418267e-10,1.5587935837241682,2.022842829260864,622.7701172313948,347.73546291151087,1.597883404952885,273.94397692928544,154294242102.6544,836283407716695.4,0.7644571399589175,17.328451254971014,70.04377783122193,9.278599987667642,0.6096192384769539,15.220320163859807,9.278599987667642
26.193973195068995,1.7780721197283049e-09,1.381988558998581,6.067140542945572,989.3637670495742,295.5399666232073,1.6666940004174737,517.3706169724862,1489223118989.9824,1133737813885.8364,0.8678615516230613,21.393705778374088,68.34494523871678,12.689451995697745,0.6513026052104208,19.48318937185592,12.689451995697745
28.667929821748373,4.445672304805117e-11,1.565049446252131,1.6301697304606666,3307.4885289312097,291.34315113659994,1.6427712044275686,286.9594329253341,51698477382157.52,1087039977253.4325,1.1142419356521402,17.644347449900653,81.02256428381995,15.929094357688701,0.9561122244488978,16.660276848641086,15.929094357688701
31.44759873691156,2.949896644474163e-10,1.8184989038768744,2.41139345053481,1600.1680297925882,287.5089380633191,1.6103738974107467,501.2199322449586,1.0690603061961508e+16,9149647918551.658,1.2138852695746358,25.493600991992327,76.65562537778521,23.72208494186554,1.003006012024048,23.65098978219961,23.72208494186554
29.84043601755847,3.4025242791518256e-11,1.0372060382334394,7.958543822737697,682.4587634051886,289.11695355327527,1.8687811604532976,678.1128184355059,498360656904710.0,447157900941.83026,0.8130072265738643,26.419648110535302,60.59217394914703,13.014814105451594,0.5470941883767535,23.788982559048886,13.014814105451595
30.99943724578431,4.113011066304277e-11,1.429392327429682,3.6987695302058974,21154.36441701115,371.97774153622737,1.725442963161833,166.44408416361512,78190994690095.11,52155313899.18882,0.560605301726763,13.19769326360312,65.16554548435305,4.821401137667453,0.41422845691382765,11.63947347700077,4.821401137667453
31.30949397910689,2.601407554171081e-11,1.0543102758607072,7.103404528790768,2550.187718782974,363.83648876030844,1.4373148155846558,580.6456795647055,167497572410.01337,1572135894.1840746,0.6365174949425666,26.715388355832552,55.04665677744275,9.360580537293096,0.4012024048096192,23.331317123422853,9.360580537293096
28.767894510386178,4.6118361481319915e-11,1.5937187070065306,0.4530065432724103,372.2023276205404,352.71484961719403,1.5050825812461557,493.8502741964401,3158878842255389.0,2602065113.646685,0.7992595269289358,23.193577968106073,69.57558450743817,12.897704887713665,0.6486973947895791,19.882467528480444,12.897704887713665
30.618523726785433,6.386510843406096e-11,1.3895459581997482,1.0490640844941037,15040.420094856736,336.0728786325764,1.652332638923586,681.1328865416534,10163295656240.408,1719709163190484.8,0.7236002740450976,27.45474275523592,75.69612844157591,15.037989217976824,0.5887775551102205,25.54103682699263,15.037989217976824
30.318127286387625,6.103576715379348e-09,1.9078020527624597,9.912092089255482,579.9005278669638,359.6016392091595,1.8022471774737516,486.62411690709206,4711571102184.408,5702140333691799.0,0.5023792758033874,23.676842493691254,37.25933868598541,4.431907045837887,0.27875751503006013,15.898789474285445,4.431907045837887
27.22653282734126,3.1530157131661154e-10,1.5214871128191862,1.7859275793931806,8811.658239279059,288.886716418024,1.7465488894233554,609.1692977743821,12484712635001.94,92458248106697.33,1.0115177197959224,23.647946388779914,80.22972879515238,19.191205302829932,0.8519038076152304,22.52743224208924,19.191205302829932
26.940644048887098,3.4502217162143342e-09,1.9520316985532247,1.6963981962978136,7651.0131420119515,330.5831096556526,1.6657496659161892,523.8938311604129,85593935672721.77,15932529971415.713,0.8345707386071224,22.236826956933275,71.84819687880741,13.33373573578746,0.6565130260521042,20.30993324834537,13.33373573578746
27.385406116468264,1.3662173286002884e-10,1.865240350071502,1.277044614154179,4956.219383542215,298.42870622348903,1.823269798961686,447.4263723121299,26199481470311.92,56075443301.72144,1.2405809299739587,21.216783150870867,81.0463588703798,21.332322805200263,1.0629258517034068,20.069436424952737,21.332322805200263
28.621068195137806,7.461686146054674e-09,1.5092092897436205,4.80099741065863,9829.866665399855,317.90470708319066,1.613711974940397,302.1686389429714,804486076409.1,99234914402640.8,0.7483658881096045,18.158933117688733,69.11583779052386,9.392514822510192,0.5627254509018036,16.69111430353485,9.392514822510192
31.23818548330174,5.2092829536002545e-09,1.8808029380377795,4.627481263892331,1169.8559396030237,343.7923749600823,1.8773524559530157,536.230388901163,93130378827033.89,66322367626391.78,0.6104798979411498,25.9020530734534,55.018071183041904,8.699833033049021,0.4038076152304609,21.544499669932815,8.699833033049021
30.63522747472638,5.725425711464697e-09,1.7632157539721542,4.445267445231875,1114.8412688834921,329.9881664729591,1.5640889723027358,665.6587556126884,111633633531631.73,2015553599209.6965,0.7732348410379253,27.195640119179973,62.39449002360505,13.120698002031364,0.5496993987975952,23.86886001827798,13.120698002031364
28.089177308929177,8.283635313853513e-10,1.5200512786209477,1.464679444402914,17314.725931919453,315.9012832143799,1.616289214979077,223.40023399814746,209116954656443.38,82107993072248.44,0.7846202392482042,14.74859828914425,76.48877360988438,8.851318146092597,0.6434869739478958,13.755240594519481,8.851318146092597
31.286991923755636,1.4283117039118584e-11,1.9733319096993784,7.097413871799497,1171.1091355578758,300.4474755013966,1.5480439593272988,625.4354509998655,5601973359437.116,1736792527459.2463,0.0,27.23192225456001,0.0,27.379068903121333,1.0967935871743486,24.962827302498717,27.379068903121336
30.234428325453393,4.130185818647853e-09,1.6585711623461041,7.580470126037342,702.5117501218224,367.7407827691139,1.5378595918090552,177.02689843390942,7.202209366313476e+16,25791670875.49614,0.3519039645840702,13.152196210476033,41.23390065415713,1.9084327430179342,0.20841683366733466,9.156807103518743,1.9084327430179342
26.81991182046786,7.552012503056398e-10,1.3188631494960954,1.5068222107688345,5037.815223367625,355.89852272222356,1.7965991871035782,193.30756060736343,219382715399258.53,496304936315752.06,0.40272063342964703,12.7349690840451,63.85417041953747,3.274847215753544,0.2969939879759519,11.026644808778803,3.274847215753544
26.96652206854511,4.19804176871816e-11,1.0024113974316777,5.341414732673824,775.1100960097903,352.4242575726899,1.8811069278088028,225.25329339944216,784480351655144.8,30397735392.132458,0.44850208370538974,14.141448685196362,59.121107083851854,3.749738008629464,0.3100200400801603,12.095147164228202,3.7497380086294645
26.108041153878226,1.886525077542327e-09,1.434004676650893,9.4785112428436,3703.1539251063455,295.7482868975684,1.624887220898639,221.7350768836099,1.854281374913997e+16,68599707859461.79,0.8144687660691406,13.6056999947126,65.67220453750731,7.277411288537092,0.5887775551102205,12.36020501354666,7.277411288537092
28.047432827928223,3.832312965024578e-10,1.6694801882130283,7.872005623125168,457.39816687363486,282.2518841995247,1.4572263485849448,336.9977861035378,63130562723585.9,9020516629.864477,1.1434858113175632,18.606286832289715,66.59393783070468,14.16854285736826,0.8909819639278557,15.90216573510293,14.16854285736826
28.46691882739763,2.1128485079409738e-10,1.1090899636774867,9.183267609918193,4992.198611763835,318.8535530456282,1.6534535917361033,288.51849188128404,1.336553014814562e+16,10595105633084.65,0.6284815163561598,17.553606043537016,56.88699081223791,6.275839352192544,0.40901803607214426,15.343673869397746,6.275839352192545
28.969374886361262,5.403264272225018e-09,1.8379796982340677,8.165458535973324,893.7548436822093,295.31231114683567,1.7450482598563737,381.1853538048375,1265541169270805.0,211052560195543.34,0.9959228116748,20.65021850999533,63.81868026030485,13.124964894708539,0.7190380761523046,18.25350468912921,13.124964894708537
27.771881044068504,7.144162088443003e-11,1.4908315662581837,2.8807832725596745,6832.671669015528,354.67304458807166,1.636019473026622,534.2798593591859,115511550776549.4,97746688645809.22,0.6714380471114418,23.083056502563327,66.92815086558089,10.373088610132994,0.5002004008016032,20.73786545054633,10.373088610132994
27.34980948677435,1.6463764217409956e-09,1.7151240234570178,2.812735929081941,4092.0598976042315,365.53116678744016,1.5247613234862194,541.5878704088059,5.294199502400761e+16,1157959681929335.5,0.4039701225827458,22.768951357701425,49.92557459148427,4.592142404259551,0.2605210420841683,17.626761997888586,4.592142404259551
28.409120496081655,6.631674457438922e-10,1.9917701342527039,5.770686631482041,537.1000649094603,284.5430754778761,1.795157254872014,354.17699524110765,3026058668563.246,271458981073.0671,0.0,19.475502713614866,0.0,18.7507423244569,1.1228456913827656,16.699304693742626,18.7507423244569
30.54423719927871,2.487379249015259e-10,1.8684994925258764,7.402270770021454,28056.164605789316,368.85037667898433,1.5272736058930045,495.43553968153196,132818388676.28033,8664571123722347.0,0.8252577510104849,24.679745514841326,57.43897577885849,11.69868309003943,0.5470941883767535,21.383307186555587,11.69868309003943
27.56603665281558,9.871548438024882e-10,1.8491536211995654,1.7725536947341203,15694.904794968965,281.22456657908225,1.6209885690427037,383.2225735186831,17560799304813.791,12726038246035.285,1.225078744903843,19.879517667703173,81.6644959040783,19.888550551840527,1.0472945891783567,18.99040705198703,19.888550551840527
31.48905409221579,9.571220970752091e-11,1.5792598871664243,8.799132752284564,11117.081517685212,284.0733264805496,1.871395382063831,127.98814255516764,340840227291169.44,10653083772898.46,1.1317183016271823,10.927283124240477,76.34025274545525,9.440698504512438,0.9144288577154308,10.324147608485003,9.440698504512438
30.718341384213897,2.788233594390912e-11,1.1793703920627037,7.570647940835934,629.5199601689699,326.94451270656396,1.7658240451054659,490.7451572696087,1834953726097.2876,134190512268.5514,0.7347864903852117,24.440692829566007,59.033197785602574,10.601589522727966,0.4923847695390781,21.53110774050165,10.601589522727966
31.813849419446246,2.2182569989707358e-10,1.0444574764363805,2.3519320147700604,1530.6298525872144,379.9489404294586,1.5513457737384593,115.83750926952698,119544462957785.62,3848023315.6501946,0.36333715679399237,10.174306723602216,62.96676185057657,2.3276946008092825,0.2657314629258517,8.759574704402956,2.3276946008092825
27.64440559217433,9.487450615092667e-09,1.7046385189301545,0.6965329669721295,2496.7406788248177,297.16375126288494,1.4614723282010607,452.2392480092812,108127294845038.33,158513439721141.94,0.903694118535631,21.515972244539356,78.0538119686599,15.176672028676458,0.7581162324649299,20.01892503914764,15.176672028676457
31.353837369391158,5.495985424531871e-11,1.922991986655397,5.276319371030136,1041.525329695133,364.57858381026097,1.4177649590145112,435.70562648377637,2136629450146696.8,91168290224.79181,0.89462790978846,23.89520339144438,62.0085883007926,13.255771783903752,0.6382765531062125,20.768069451076837,13.255771783903754
31.180951505379305,5.258400857260247e-11,1.8398742827317391,0.969740645558081,660.473175335971,318.0984583901908,1.8270277563990895,186.75121907606945,1.789078673409489e+16,40562123805.70539,1.0387503039141444,14.428097623468108,71.2566890754265,10.679375943283656,0.8623246492985972,12.384402964672425,10.679375943283656
28.71505039156717,1.1434132295188929e-10,1.1181262266145235,9.454235447287573,2378.7926147223566,349.03312613561945,1.6876338383320155,401.02955011132445,500571064185171.6,1942657071945396.5,0.4800134466859367,21.075768483096525,43.42918030496154,4.393579155653296,0.27354709418837675,16.061509147772856,4.393579155653296
30.195874254164657,3.957676009937326e-10,1.6451859606659762,6.142663948988412,2324.0336660528283,342.476401013045,1.6217849000820816,554.5686267231474,6.508409961714323e+16,5236697681534520.0,0.6029055924487193,25.36411859801406,51.02522236165422,7.802863210797789,0.38036072144288574,20.51437693460536,7.802863210797789
30.924414718549883,6.386702566019571e-10,1.7493319880707405,1.9448732935240332,2871.0246060802383,305.73047649913644,1.4017474905546734,680.0425448032456,1.5243734326202748e+16,3943577038702.482,1.0095142755938804,27.700568243610267,74.74971776735539,20.903100091407502,0.8154308617234469,25.634423557661204,20.903100091407502
27.52491372871404,1.1992939162230627e-09,1.4348010845499275,8.072825427542455,31552.67763201303,314.908260748987,1.522201521739024,260.42949327685494,363142830285.41406,573222693512.7688,0.8414597156220255,15.967272648714001,68.23964536572248,9.168553669601335,0.6200400801603206,14.787033875666019,9.168553669601335
26.104550316301456,2.203873547452862e-11,1.2716957472726702,1.766655203912911,9211.242141190836,290.56047908679005,1.8329970525122623,232.66870222657172,448274156291.7521,1176918829.0815783,0.9880040343875061,14.082145492351803,83.19204855922858,11.574689876143035,0.8597194388777555,13.46333391187733,11.574689876143035
30.29123002593288,5.886406334145419e-11,1.5094986051377748,1.2938372573871264,29552.33808004322,292.53847390699553,1.605962963320939,610.9897014006796,2946603435600.7427,73926900383.2192,1.09688844133626,26.33806065252685,82.31535890401601,23.780836640613536,0.9430861723446894,25.215974253434243,23.780836640613536
30.850997095344397,6.607223101513429e-11,1.0028713110948129,4.393554460801509,335.0197570556435,370.9792283829367,1.7209066120896104,449.8085597327453,1620082255086.0664,79363954234588.36,0.418682569249894,23.651449634337876,53.57602132395347,5.305338562538442,0.2709418837675351,19.58109425078907,5.305338562538442
30.063527862070075,1.51841582651075e-11,1.8808465308105724,5.878250956712095,12160.005239829463,306.29140721288445,1.4610238998767269,521.4697439120707,5798239063817891.0,503772823461.0032,1.29259990255755,24.76545851603558,72.48937230768144,23.205174098130172,1.0004008016032064,23.195877153379318,23.205174098130172
26.142153651897868,2.8494567793115416e-09,1.2060939063304406,3.522513030595385,5707.711529632342,289.9954719211303,1.4359978830692315,115.42226294516456,3.161106744932909e+16,151244367444.33746,0.7223202914731791,8.343949063846358,75.90903161330259,4.5750401590243674,0.5913827655310621,7.736174311599998,4.5750401590243674
29.963952890702792,9.28337185798633e-09,1.6694507935619436,5.345928999390565,3482.0889985414988,317.69171484555517,1.6998898279775425,675.2748337274226,5348896595064702.0,932365766501.9392,0.7405834316102805,26.767334019016626,59.78372145732078,11.85119259374592,0.5054108216432865,23.448632451543276,11.85119259374592
27.9946689741952,4.472955616709853e-09,1.1357858256265938,8.525935518250158,1023.6547893201158,351.5629235775918,1.803110290387415,386.19791035808356,1424635810570.1074,819170311667807.0,0.37942399001268734,20.054557679498096,40.239392679978806,3.061887937705,0.21362725450901804,14.332852541414587,3.061887937705
28.20505007031989,9.163065297881928e-11,1.5100161823534397,4.4638451628183935,7346.905167333388,293.7197808372665,1.6178448270239363,635.0210867351224,164579696321.18896,1589894591901.5376,1.1180615130847007,24.793422874860443,76.01804521376133,21.072636875905765,0.896192384769539,23.513519233177497,21.072636875905765
29.96319179831126,4.603978227171583e-09,1.5937862269331757,8.27994585814542,881.8242505035241,315.28094362278597,1.8710661369640214,631.5850678556118,222698809877919.88,2130190112664.346,0.770696379974088,26.068415285308063,54.48342765797225,10.946174622556834,0.4923847695390781,22.23093665712601,10.946174622556834
28.70640434872675,1.5009595371694853e-11,1.8923771039565669,8.217865182470288,2585.248468094384,307.94399727194735,1.5714603032132652,173.8963515237337,2141600442110500.2,7882954065077.222,1.2348272789095016,12.588166778858968,72.77714868532902,11.312634082702566,0.9821643286573146,11.51806653186815,11.312634082702566
27.40462053694937,7.396337434192529e-10,1.9792302142549747,1.3994723276665562,2611.9810467254424,329.41588209221266,1.4833986069119012,418.94812659838885,432377963121863.1,12630244904.010885,0.9921209279561112,20.611943416213204,74.47320869774188,15.229428921472115,0.8076152304609218,18.857282957356293,15.229428921472115
26.928343394053257,3.707201113585902e-09,1.3113874366700449,6.377267193370584,5669.51816824106,363.9170875582635,1.7699473156157617,604.3458600629667,564012511306821.8,1400232403284.6729,0.33822817968536195,22.978502431981642,37.80493891328488,2.9381911759046933,0.19018036072144287,15.449498385420886,2.9381911759046933
28.36139912787845,1.3711636769700585e-10,1.4183930979091577,1.4672306711069492,2228.007980001348,318.94449072026214,1.4172858316591157,265.078453195804,3246697663286495.0,11107568491478.045,0.8196659785482149,16.628837746709983,75.68138018351493,10.315442172556715,0.674749498997996,15.287810050804278,10.315442172556715
30.83700498053618,4.24682273004028e-10,1.8540837654752673,8.001457576096824,497.24352928447445,377.7006368015992,1.4073737234506642,458.10282275777115,5689433896830530.0,210503334133.1607,0.6281643439861001,23.725247633516645,46.20191680103948,6.885635500070669,0.38036072144288574,18.102908928004556,6.88563550007067
29.591418753782946,1.2200218044748073e-10,1.060614975007502,0.2829228870754429,489.46772508117886,289.8409594120047,1.705444888696875,415.51913857750793,54048021548285.72,69734923564846.93,0.7382165503931322,22.17163922934589,78.64077484029067,12.871506038532202,0.6434869739478958,20.002745291895263,12.871506038532202
26.10095682207469,6.500555106573712e-11,1.7773927312876279,9.11777564386776,2380.527443208138,288.14839801384664,1.7993643696142438,631.1022599636401,30336231103949.684,50522726252.387314,1.2961058416510352,22.829010395480044,69.63190313094981,20.603254115946584,0.9717434869739479,21.202358844828513,20.603254115946584
26.26383000933767,5.932646421471708e-10,1.909869490562499,6.843302650099193,1363.0042053520813,344.28883242899667,1.8160342037240127,385.49803560967473,8288786244820925.0,553818854058.4728,0.6950613458211532,18.900775773228162,56.08581398253904,7.368104795114336,0.4663326653306613,15.800104395195762,7.368104795114336
28.091034071574626,5.610038964224665e-10,1.4646864176944812,9.775696820518615,3410.1921241269274,318.51720289160215,1.597466771564268,428.76397036787,13473245648483.982,114906927913990.5,0.782535965679977,21.302228106277216,57.51242346667532,9.587182756345468,0.5080160320641283,18.871811421760903,9.587182756345468
28.283977566209845,1.4204735769640854e-10,1.6169732493768048,0.7962993524208977,6467.103868504968,330.4972217158687,1.6265130571433208,531.5517944247708,3544334417717291.5,839123809201529.2,0.795106657705315,23.47224385243121,74.55228001040426,13.913645317563962,0.6434869739478958,21.62226413411528,13.91364531756396
28.248818724904684,9.574433272739996e-11,1.7143421014945195,5.901687619576371,5802.338919364596,335.5522907105835,1.786346511601927,214.0245330952919,215910019409391.12,12785347092.375992,0.8610653270046917,14.393156167290474,68.9772511882425,8.548659565961621,0.6539078156312625,13.073187629221112,8.548659565961621
28.443511635745953,9.817060563316392e-10,1.4930716083141704,3.9199970593873767,18618.299097252286,357.2825714497478,1.6631453925001873,670.0318934052927,35171568516487.16,328481180737633.9,0.5309079958969559,25.387730546941146,57.0543397712055,7.690097225444859,0.3569138276553106,21.54608936270064,7.690097225444858
27.00761743880851,7.20074499685153e-11,1.3380855813339547,1.2370433765043283,3188.6703989603193,299.2260134126496,1.717092944724829,214.05541574381095,550855314872.9066,6075850695167598.0,0.8875549769496599,13.770767788260283,80.8442555000934,9.881038343362492,0.7633266533066132,12.944704996949026,9.881038343362492
29.949441834866636,6.4469268738256385e-09,1.4898877919932318,0.5273441380210676,4453.919269441846,335.83288868357084,1.407487802968297,616.745226641099,524594923605546.8,163244360020527.53,0.6040584642733485,26.113151860329246,71.74097909275905,11.316329073019578,0.47935871743486974,23.607224947478134,11.316329073019578
28.963526636945087,7.164853482421545e-10,1.2574698932285242,9.742826124132742,2001.889100875048,296.2326621337629,1.4279577091873135,481.70315985122267,7.948388879384749e+16,1864496094192503.5,0.7536855889844128,23.036837752977274,54.71787611755124,9.500409095457341,0.476753507014028,19.92729776642797,9.500409095457341
30.212627404918482,9.371169365669776e-09,1.7228282620421065,3.524661009333681,5040.066493480331,287.9766642485562,1.5108412451112703,350.52414155709533,1625215521525.9424,4726145674376835.0,0.990714240184309,20.80619073149534,75.53561470747862,15.570148284363084,0.7971943887775551,19.53118148289889,15.570148284363084
31.9735851604679,1.2966052040853397e-10,1.7092289860771985,4.196153160499757,601.1992204344285,313.69268477021086,1.5166858493578315,296.84693224445186,1950428931494.5098,6115272770.3057995,1.0923940990900605,19.947655403994276,71.03355235832176,15.47870904244223,0.8805611222444889,17.57823352794418,15.47870904244223
27.304570576174477,5.2152015305649775e-09,1.0852216757765287,3.3826151088012986,3604.9545113809354,315.4512656178357,1.6588035475094436,126.05203614061239,778785398282112.1,8797344739326.5,0.5075880045439465,9.358515538868822,70.58082542934862,3.3527799369537927,0.39599198396793583,8.46678739139647,3.3527799369537927
30.08579759512815,5.032380229428059e-10,1.4379035824256632,3.6313871144820085,897.160987313034,330.00677268066124,1.4130262261887534,296.94449685959546,1167437827791564.2,5767920659.231915,0.7530967524542838,18.82833341605781,68.16150632109469,9.664999470290603,0.575751503006012,16.786755084145533,9.664999470290603
26.37734745391717,9.047650498188483e-10,1.3977747211423504,8.057885358183935,23693.139307596688,375.7040453732577,1.6127964269470896,258.5963345650194,448417375445082.1,24966087110412.93,0.3732135201884274,15.144867687972578,43.03431914038055,2.4324156447890797,0.2188376753507014,11.115159402470246,2.4324156447890797
29.73406961645538,9.232851301790402e-11,1.063751736417303,2.25804742049087,643.9302923481885,292.39003457833104,1.8631416605357864,108.30858758438076,408457086681224.1,4288610160558025.5,0.7056467127140952,8.979153897665984,72.34191320733338,4.583663508600485,0.5939879759519038,7.71676143991782,4.583663508600485
28.160318764964767,3.8132411194488116e-10,1.6957836634751597,3.308263007650741,2853.0144771258647,361.7102850332752,1.7726778326401318,585.0696468957044,8.395392050619867e+16,391104060201.3727,0.4820089032162727,24.098678918293352,52.57352643364469,6.1068240091953285,0.31783567134268537,19.21377793561456,6.1068240091953285
30.48254757761464,6.432113529770308e-10,1.6666047672211963,7.450764267362758,9987.634339902972,368.57451492948195,1.5746608376180276,492.0888136671464,4805544348950.652,14520478757892.146,0.6348324018228328,24.54831404045424,50.861028555857715,7.926215832718294,0.39338677354709417,20.148658688366933,7.926215832718294
30.507050841031568,2.3604959437707524e-09,1.4201245029891227,5.185458187373326,1471.2948077718263,296.9036346539631,1.530258702596266,647.2822029398947,7141957384377.309,6657563766388309.0,0.8020121601207953,26.885636974892655,66.02866978679485,14.23750309274153,0.5809619238476954,24.5067748991998,14.237503092741528
27.44886851129229,1.4764313641844903e-09,1.5739032935718358,7.029326485343026,6136.431536692606,350.6748583597589,1.8527735242177295,438.08169763748884,255324621884.15143,78664364974.24397,0.6710780679148182,21.051530151913276,57.59495396299883,8.136565959496414,0.44549098196392783,18.264266368820113,8.136565959496414
30.249313882452583,3.0354555940793764e-10,1.5485519826196867,6.046488462726857,1841.8681836531766,357.3895525087855,1.7617674419482743,528.5796473158683,1958218026655386.5,1708071363316887.5,0.5022572793414498,24.941100671771114,47.069147109825714,5.896281156866563,0.30480961923847694,19.344143966314366,5.896281156866563
29.572356676659645,7.965565231443847e-09,1.119192684390638,6.393197970619871,8587.229934597703,327.72204109543594,1.5441041932284683,430.0224716266594,15434269588336.854,2311364812753651.0,0.4664628583802602,22.501811308441926,51.62535748258416,5.418731345485369,0.2865731462925852,18.908719869910485,5.418731345485369
28.14075447519953,3.3660532189797264e-11,1.5763891401654528,4.08072739552762,491.8087934780682,336.48423509979085,1.6689232055828507,203.91825197991704,385326620711305.8,9365108580184.908,0.8256850484015378,13.76606097796588,66.10149888341816,7.513381078697848,0.6460921843687375,11.628961409026754,7.513381078697847
30.641675738249546,1.2153735749127916e-10,1.2487595236636393,9.5219548923136,4192.132931507599,282.713995888418,1.8103558420558716,218.05483655136447,5202569683363875.0,86325080118578.42,0.9234661671727341,15.792709492688356,68.82358792406946,10.037254708893709,0.6851703406813627,14.649283707920329,10.037254708893709
31.81288234557894,7.883841868941025e-09,1.27441062465576,7.711205895989502,1360.5364191326657,342.9197938829594,1.6988730424772964,132.7261093726988,107421323537.48146,2537161439.0264397,0.5487719860468693,11.309610020859113,61.71965838482774,3.8305671205672076,0.3881763527054108,9.868110444827241,3.8305671205672076
26.767652285190447,5.928672683917462e-11,1.9069552232425624,5.282600218397526,12410.334223872847,363.8311752107208,1.7674715492952706,334.8310746523432,1.5246015713518288e+16,156440167848817.03,0.6128137560344291,17.98563356589654,55.993818992890766,6.171551188758333,0.41422845691382765,14.898906836915378,6.171551188758333
30.458908660430314,5.066674229688269e-09,1.5986634724576838,5.380029413629331,19068.876901982774,325.4461728164197,1.8057853480144215,132.30781626688463,101798098712.10162,4989389712320.811,0.7810429238356047,10.85931495314847,72.14985968226746,6.119456078814795,0.6096192384769539,10.038161023433869,6.119456078814795
26.44167136289828,8.504113353171882e-09,1.0055011740397988,7.237866437686735,969.994767589838,376.7552005272056,1.5907708253139479,116.3700557583191,145082353646.89398,7475041395864.49,0.29003271428721394,8.432355433183842,51.31721001429066,1.2550439314560566,0.1875751503006012,6.690885916630045,1.2550439314560566
31.920271874187687,8.69602150620906e-09,1.3372729722892658,4.930495762051191,502.24036224624706,332.21768559917314,1.6998507995241365,250.63699936679262,470637594338345.06,1985405688529283.8,0.4700026279842208,17.899736782819094,55.58570250788213,4.676382533402118,0.3152304609218437,14.83480536660939,4.676382533402118
26.005732000540885,4.861847394517956e-11,1.2099195633239381,1.414084789731505,679.5202844970903,342.59125453653877,1.4513471950753212,543.118965412433,2.0995950652023908e+16,3062767776725228.5,0.6039060468800992,21.706282407043425,68.90261104747705,9.032136804020393,0.4715430861723447,19.154425266494584,9.032136804020393
29.961054885918205,3.910112310925001e-11,1.0852965755399078,2.4738445473085964,26540.82213629424,376.2345201750712,1.5909594419591708,295.47492465853037,114832149303728.88,110107433629.14087,0.46393796937816373,18.769516222189065,64.96572205002856,5.657144420912769,0.33867735470941884,16.703639443996874,5.657144420912769
31.87797470993338,4.609609861871361e-11,1.3691426821827686,4.4078345818617475,562.50714876772,318.282482677013,1.8283653600509866,184.21660087405508,319250587361602.5,702198611575.6927,0.8156184589823255,14.51342137341658,68.6210346777577,8.12295622331962,0.6460921843687375,12.572441549120628,8.12295622331962
27.02322035670473,1.0889513893724941e-11,1.2733433034899002,0.8059238148404189,1792.8210494501002,361.02098556993457,1.7598426304388062,668.4302270210602,36483164720123.836,90076144749665.64,0.6005191651119333,24.101091441370652,72.62077222922086,10.510525867027189,0.47935871743486974,21.92622243999401,10.510525867027189
29.992050332612123,4.478565285773386e-11,1.3035825052326584,5.392329427298051,12396.943960507724,326.1812734462933,1.5138707680877634,696.0794141682219,493711039343.9354,4911592781754747.0,0.8009992687615628,27.033644780187853,65.88265688810412,14.266184207628832,0.5731462925851704,24.89099971890485,14.266184207628832
30.854277730582933,3.2860983544078283e-09,1.7949175830914994,2.2400752247852957,5823.240874599882,355.6749812450932,1.7728428960508256,262.93922232644655,1221001862977.034,198089240749.8163,0.6538644333824235,18.004058658727534,67.29980346628355,7.9226766254982675,0.49498997995991983,16.005731320338604,7.9226766254982675
28.87906688226435,5.26431952128625e-10,1.8369503623191603,7.736535431505238,7117.066951538504,306.34892929427605,1.6394402494674716,301.26152447677663,2567846607982.617,1179553171.6122231,1.1379338860930899,18.279762096194816,71.3472051052602,14.84104680244557,0.8701402805611222,17.055924353800876,14.841046802445572
28.036771823424143,5.866091098418072e-11,1.5719023269668166,0.8105573487803797,1099.105024992931,284.4769489988415,1.720708952256718,440.9137351411749,10589614205703.164,10748359975.492235,1.1640793384898498,21.572640359854148,80.829049032605,20.29800492504373,1.0186372745490981,19.92662690851234,20.29800492504373
31.74751899661241,5.6647055747825e-10,1.679113366572068,5.407217782040629,12973.77898694557,369.6380049548121,1.5913552717988149,514.0151873383663,2395106929647.194,36558244253629.33,0.6482567851520218,26.012208132723767,55.9712249896222,9.438198422398896,0.4272545090180361,22.09034246143081,9.438198422398896
28.394933779859315,1.0479602219923269e-11,1.9555278684226207,8.710727146279446,1206.9050394340427,379.77573142328606,1.558563837278267,375.30651187544487,1.2810148286730928e+16,135573391128.97443,0.7932333033751049,20.119334381041522,53.67208130325656,8.565702465235317,0.5158316633266533,16.605615890258054,8.565702465235317
28.703241706325002,9.92570815169222e-10,1.1304675547724283,4.3390336131788345,1314.679450832647,347.6774305864818,1.4679846950301858,239.63888746056244,1854629752226654.8,12404252212.919453,0.4891302817812705,15.738281049336777,61.37807347661164,4.724926965385878,0.3464929859719439,13.636428893739463,4.724926965385878
28.532115573439338,1.3760751947037226e-09,1.7654683844300054,1.129835550982351,15995.256868851877,352.3972301129966,1.5696472943466568,558.281711398144,2343112775909052.0,16078242904977.588,0.6259429261127768,24.092542941399483,66.86118247835951,10.083038618343235,0.47414829659318636,21.26558017985323,10.083038618343235
29.350887040435065,1.5999649423022858e-09,1.9992599017054546,5.869812043295677,13104.961322521649,354.4273717315583,1.8279042010169126,672.714916830483,1440453505305.4897,14395191767.510601,0.7902697472944302,26.221208626274844,58.4783416600015,12.117781326238141,0.5340681362725451,22.689579293781733,12.117781326238141
29.518110970489406,2.2278461115971484e-10,1.570722692919169,8.020818797957984,23090.267280136566,321.7415825198558,1.7589663227718122,218.07951270484563,161180202151663.0,1421128812.097856,0.8618402292523418,15.24405742465407,67.427738775203,8.858617175516807,0.633066132264529,13.993193955628007,8.858617175516807
29.02250340279858,4.3252317006415016e-10,1.7354453357783313,6.564950944028519,1647.3787841921492,280.57309007131215,1.4577429368114743,683.8363921104714,3.4197861562093064e+16,188647972326.02417,1.1951621866301914,25.94893148178011,69.40686489805456,21.525277116500572,0.9014028056112224,23.87975384867449,21.525277116500572
27.553117639543327,2.0382097796426937e-10,1.6899400296120728,3.6969111920481423,431.10960156783204,320.2795092444396,1.5302944972407158,294.95800672672704,950043464505.8154,40914805042432.29,0.9941182087405265,17.098471353335217,68.38421232066223,11.623881198144755,0.8024048096192384,14.486305489196386,11.623881198144755
29.15978559947135,6.495152493062704e-11,1.5538624813062414,5.028536902238933,12358.043316326743,375.59842693402015,1.4653352544893279,630.3480873447897,1693486074142722.2,70448997446928.3,0.6181870752689411,25.578998522576544,55.31298601910708,8.746424703667524,0.4064128256513026,21.52103514363952,8.746424703667524
28.245805382854833,1.0757827753502294e-10,1.005639484822517,9.825607771445616,5164.302399220047,320.2328623923925,1.671884410946089,124.31622045775748,1101300234631.799,23095080201444.066,0.5875106570585498,9.564335446725464,67.03734361132929,3.7669282249283746,0.42985971943887774,8.763157036080461,3.766928224928374
29.08557037810172,2.297335738749699e-09,1.658742690445337,6.094069624597995,13506.145021125909,286.82631055519005,1.7454433982156425,529.3544279734092,4476940248199.914,23417873485.826527,1.0864141769868456,24.093217388288004,71.93284153994723,18.82857444677475,0.831062124248497,22.656037253292983,18.82857444677475
27.283114852735995,3.9302718454315324e-11,1.5237821909035945,1.529137851385119,6585.241748740413,290.50782589487693,1.413444820155128,291.57414546752267,1416310068016.327,8329796429197200.0,1.0571341480007457,16.956386260040695,81.93425819678203,14.686859119350364,0.9118236472945892,16.10712681440842,14.686859119350364
27.817977803703304,4.6365212874116895e-11,1.1967698234992146,3.8637584670742053,5148.702408931606,358.19452750462824,1.582288123871534,475.58258802567366,78047570676499.14,842301208448594.9,0.5449164684839164,22.101571800882187,62.31156469448776,7.504499807832479,0.38296593186372746,19.595737331807467,7.504499807832479
29.41425066295061,7.407557232715962e-11,1.7035872571782558,8.236631982625358,2697.002279563383,378.7197238882319,1.8395484395956565,218.17280179929486,5254546418537849.0,16093804093531.258,0.4147704901842406,15.028829419488433,42.81237758032963,2.6687159548723884,0.24749498997995992,10.78290899984876,2.6687159548723884
29.20886778684701,3.481895716280013e-10,1.853411142782429,6.186553331253796,3761.9409138184265,284.8859906758049,1.6241514348792787,644.8249372273046,1863890419615415.2,2273410420.9153724,1.2874770562559892,25.762145279854998,72.18235901174333,23.941568245567847,0.995190380761523,24.05727457619484,23.941568245567847
31.303953692906255,3.0199632922860815e-09,1.546684211569528,0.41957355878635855,4215.598449128519,285.4589049926426,1.5601894798187401,477.34577134164334,3.0024688009914584e+16,319572544647.52576,0.9726486311268396,24.925148417554915,80.26647767473544,19.459332470386826,0.8284569138276553,23.488647563432576,19.459332470386826
31.16014269730072,5.6896169818885425e-09,1.0210438804573143,2.546392809974809,8312.364873766955,355.68430430795485,1.596208425108527,494.052767663713,470924954156243.5,150808121811162.62,0.31697590288983346,25.132637586738294,52.72422692974482,4.200244162729202,0.205811623246493,20.40819705162485,4.200244162729202
30.31195056647073,1.8097242002742706e-11,1.158250180940061,1.500726043141297,23171.819651562357,371.3542648352989,1.798706134798485,170.03113640557558,279015814446150.7,20446283705.966087,0.46602325735937905,13.113382742173497,68.39460080045683,4.179690724192105,0.3569138276553106,11.710643859471423,4.179690724192105
28.210303625352815,6.32810723327801e-11,1.828930981487466,1.6156237152888775,6199.523880240458,378.3894663776167,1.7435272916268167,147.54009340417582,2.7996066199486896e+16,31736406032797.13,0.4348500053488105,10.950467847954657,56.99429427402798,2.71396057539829,0.3074148296593186,8.82833329285363,2.71396057539829
28.737865877631222,9.529660647383874e-10,1.879044330472637,4.875846833569444,3652.943589025782,325.2447399217954,1.4362957131618326,572.2420761564151,573416864786.8092,578082832267.8505,1.0747295179674665,24.438966075178605,70.73153242649681,18.577833787879108,0.823246492985972,22.566550779337085,18.577833787879108
28.320937073646377,6.920259437309584e-11,1.4025071258944184,6.2564892817478,1326.705789779411,297.25119376982764,1.8346837552536333,682.4995899142813,56429076558811.94,194597827024.2713,0.9771596870327784,25.29036382040665,68.37801938431184,16.898071204166897,0.7268537074148297,23.24824243418605,16.898071204166897
26.284892466669376,1.289895779710492e-11,1.3928819956454022,9.316371779349465,9149.91557274675,314.92694188707753,1.8840232125910303,357.25474195343844,4578850498459.767,964878686112.8406,0.918373019774646,18.276647270150388,66.58603538156049,11.176319379618858,0.6591182364729459,16.95647117795625,11.176319379618858
27.269259361902996,4.5385414963903124e-09,1.3611733104176902,6.64809585204435,1897.1182314228242,370.17314179639624,1.721190375857815,392.9511341687797,620665799412.6671,2057863858889650.2,0.3773502705567509,19.77568685166551,43.42331413946564,3.2404043654225507,0.22144288577154309,14.63313826557333,3.2404043654225507
29.280901209630624,7.164055124078037e-11,1.877926891816704,0.7335161884651964,1343.2406760899958,333.68284012021473,1.5699071680216465,386.0405532273147,3853874021482.002,8139198430.293417,1.0929288749261181,21.183337840608775,77.16971251082964,17.866240466409963,0.9222444889779559,19.37256408678525,17.866240466409963
26.22112483170111,2.971253420781237e-11,1.952946514024812,5.838950706700037,3005.52434787329,318.43238393057084,1.7542100729916925,184.755685543656,4537108926732.273,39022477389359.7,1.181948600059088,12.033611274952502,74.88436542351994,10.650885667053133,0.9613226452905811,11.079407854616456,10.650885667053133
28.87438618751137,2.0430435152925312e-09,1.8971098439566534,8.26905139543243,738.610417146927,289.1470235526979,1.4847203002725242,570.1184149601384,3.0407907602981576e+16,3007059863203675.0,1.0673098771172969,24.285499559205586,62.31264363144562,16.151532910501924,0.7555110220440882,21.37828891867496,16.151532910501924
27.789294736222672,3.3191290166653757e-09,1.5362355350220966,8.263360113812432,3951.206110263443,294.5893219779118,1.4396097755365487,674.3314895256037,35876935397773.36,284213376593.5051,0.9148216037804925,24.8019204785651,62.57668104218085,14.198231334902726,0.6278557114228457,22.613844354026366,14.198231334902726
28.13781850860986,1.3702608021611888e-10,1.9449968278943381,0.8145049565511235,547.1703738263557,358.9651515481849,1.6747047456700692,177.1220547765712,160975884729.69867,37122775413.101875,0.9472979291992075,12.527953432683214,67.93865408678113,8.062758602233867,0.77374749498998,10.420400265513337,8.062758602233867
27.564864426261625,1.1031614797721325e-11,1.2160905383371934,7.4355255821335176,16250.524368877144,369.8235829769718,1.5949570163217717,291.64823554213456,9.9807939367618e+16,242875191731874.5,0.48741309957529355,17.120075736456908,50.34438983028229,4.201012368592807,0.30480961923847694,13.7824140166194,4.201012368592807
29.224112485445325,5.8118486771693157e-11,1.3213054528851047,5.250570618527995,3838.537958234778,281.3678644273678,1.879700042635737,445.3637484109381,342727905165354.0,30220241894.421604,1.0396747936165438,22.570901842627112,74.52490608213645,17.488310857943954,0.8206412825651302,21.310542412976883,17.488310857943954
30.589923072807487,1.628521738907588e-09,1.095157973404764,6.030944848147219,6552.205208899933,363.55681745738775,1.5030455894588552,626.5808780838436,58733574178608.34,4738766778.506006,0.42588065184563045,26.758510651252085,44.89178684328516,5.11583748364862,0.24749498997995992,20.670468861057987,5.11583748364862
26.633727329065255,3.921149141038826e-11,1.2827507059853085,5.064776883706037,9942.655581252338,298.67259020194325,1.8963258972497683,196.91315906218756,394700617948192.8,3181141967017682.5,0.845110801588662,12.811562832864665,75.5017394193535,8.174716882381407,0.6799599198396793,12.022351088441859,8.174716882381407
30.995044537260963,8.783499986990497e-10,1.7154929967908985,1.51521514171257,330.61770548616573,323.41487843603727,1.4447594631691514,314.6515371476946,2200172648414.2646,2596731562322224.0,0.8850756423686226,20.04424007180749,68.73663175935803,12.194338086647699,0.724248496993988,16.83722940021362,12.194338086647699
31.280335994048343,2.863047448951368e-09,1.7139442984139874,1.7099049052194648,395.12531256559004,345.3887857854693,1.7211290685875495,321.6545708526886,68567765783035.07,2654885023869.177,0.6309085653387146,20.48552746581661,64.45753656473704,8.330810925205508,0.47935871743486974,17.379074630758982,8.330810925205508
27.439568796479037,8.759913862785137e-11,1.4183895546635017,6.11115449313358,25801.111289827713,333.848460951904,1.7655819547716007,584.200661437332,479787277760.92926,37314074378175.83,0.8025024420138858,23.51964084579547,64.98638515653093,12.265900246072306,0.5705410821643286,21.498715218791993,12.265900246072306
28.892664321526546,5.215462495670772e-10,1.0384169357690447,9.080914218164375,25442.99889990031,280.3481923684612,1.5063957960207555,208.11650422536997,4873344395009731.0,15365985314222.098,0.7401064117008764,14.449471979846257,67.4713023050557,7.2154801554918535,0.5366733466933867,13.444826727372796,7.215480155491853
27.06400197978039,2.7663865597742847e-09,1.3534748718057483,4.716397387672403,1881.972229410411,332.13802064412295,1.6400712344143626,264.7504015974656,35264377747139.445,2282233358448588.0,0.5485459207883,15.82660326964954,63.22610690500613,5.489049497270123,0.39338677354709417,13.9533148198563,5.489049497270123
29.01736481887547,5.612537183643929e-09,1.5501270478179645,7.734409473988757,1222.3135307061043,359.0413490044408,1.5321608064924928,111.7299829857838,921241850590.744,1417653600.491902,0.5729376207002325,8.965872449132975,61.095568505181234,3.1384094781979224,0.411623246492986,7.624470932915109,3.138409478197923
31.68237585134857,9.99841275267122e-09,1.7622302636195206,1.2596560047655587,19855.961435594803,354.37761832661045,1.5661222577010439,401.3667470853593,934449955264008.2,1473510821.6554005,0.551035474009727,23.366206241408708,64.02543097222926,8.243663852938093,0.4064128256513026,20.283965791992646,8.243663852938093
29.00924547259937,1.57465820240641e-09,1.188225371896333,4.5491476200974645,3673.3326446170468,353.5565371959232,1.8822268553965538,608.965328802575,535933027013411.8,12175441654023.393,0.37246763416742523,25.127916173960912,46.51189169908704,4.3532039863386425,0.22404809619238475,19.429774500742244,4.3532039863386425
29.619120158436026,4.3205190859719014e-10,1.0593628802589237,7.04330466696441,8563.93969131254,331.24803622670277,1.8351938027012715,503.4620816540071,14996432157301.93,1373600610.5453544,0.5344042526841677,24.069022819842367,52.79704536069073,6.791066501632794,0.3282565130260521,20.68829172353336,6.791066501632794
26.35496987898608,1.1360430389702274e-10,1.4621053251986829,1.8353369711825653,756.2347203055087,303.0211358779336,1.7902566697881364,562.7727045710628,19844214487163.246,16089800938.829042,0.9580325177688466,22.26294575889896,76.04576324583331,16.219516415084758,0.8024048096192384,20.213633094723512,16.219516415084758
26.665450310380816,1.825525635921827e-11,1.391279250899372,0.6463158465469702,1469.8400413743252,376.1533242541137,1.6537523078050191,593.5867941011134,596479710250.392,75257792785.01901,0.6921862920921722,22.96859583883673,73.85217270526128,11.741422527092443,0.5627254509018036,20.865277211606585,11.741422527092443
31.679278667264054,1.4146717817313652e-10,1.6484061284483222,9.766042435793375,3995.5402745719816,310.53459492287357,1.665974227976031,132.78231959851558,472301412656.4712,1122529428.4308968,1.0684086596532556,11.302179442525278,72.77199780666132,8.78747080960382,0.8388777555110221,10.47526978975706,8.78747080960382
31.305260249390024,1.0323840511518384e-09,1.2983297651327481,2.3673819082315855,7347.730219811167,371.9532064785283,1.5495695455260552,292.93546563206905,1.3348865313378988e+16,1793208179527992.5,0.30824476660789213,19.44804434698475,50.0784246687492,3.0020803143762365,0.2006012024048096,14.965415353384037,3.0020803143762365
31.48421940097867,7.576395265612329e-11,1.1203125675963488,4.511976205585713,1234.6098293518126,368.38666668118356,1.4183174709017723,480.3282817817634,2.7358242482692092e+16,6865822438177271.0,0.4370001991098682,25.027931518520752,50.17748570557915,5.48801751466588,0.27354709418837675,20.062423002331677,5.48801751466588
29.90078359578826,7.0756912009846055e-09,1.0756594626250673,3.72092779076315,329.1769331028788,378.1183772190818,1.8513632393833495,116.8315337489208,128468277975.93858,370498504018.14734,0.25411650569476674,9.526150207571723,51.285021923449406,1.2414831956927523,0.16933867735470942,7.331362303558384,1.2414831956927523
27.551227800745412,3.4737361779748244e-09,1.1604844032718624,7.948364734468402,4063.6790499659755,317.7391771404988,1.4728598808666893,698.6147835758027,510407121784530.4,1190352608481.1243,0.5992491071036913,24.818322424573488,51.5665268383,7.669158248920155,0.36472945891783565,21.02697783632504,7.669158248920155
28.22676533931639,5.214164060903576e-09,1.821191808190761,8.149620726008592,5400.039616006281,368.79565826958014,1.549639186061035,522.2236810979736,26710772866209.06,15848627568625.418,0.5379079394403705,23.181189281899766,43.86315541999487,5.469448510742506,0.3152304609218437,17.350634500066818,5.469448510742506
31.988918003676158,8.986164035199524e-09,1.5126190164674482,5.8238618312152814,19708.044683810826,378.5635712513855,1.7893039013130398,139.11067477517844,8626575071689.061,1887714794200158.0,0.21722712169507405,11.444998430044308,37.76812839559053,0.9389776368601477,0.1250501002004008,7.508811551173295,0.9389776368601476
30.610115035102883,1.6853853442633623e-09,1.667923230468141,4.2695857263973584,2025.2686526068167,360.8932487590801,1.5468901458825353,510.8991236205841,2276413437456547.0,816379189576960.5,0.4959196181987888,24.95761524398448,51.094224384831286,6.323917346511139,0.31783567134268537,19.896814349994063,6.323917346511139
27.919313544242094,1.6813874462346421e-09,1.1064898975786868,1.5530049437286664,2161.0861515448673,285.5225776355247,1.873849160732669,641.1374863056163,196608447189.43256,738213619326022.0,0.7553331772654946,24.60733005187979,79.31575270424766,14.742207017186933,0.633066132264529,23.286993673872367,14.742207017186933
29.05324504454015,1.276111625408246e-09,1.8869311692981872,5.854349973361447,540.3239280872297,280.25786104865864,1.6484607661257231,669.5392792746161,272728943227147.84,407919030352.9301,1.270849887710179,25.656817177423648,69.06223168814135,22.51840586931342,0.9925851703406813,22.686623316752264,22.51840586931342
26.18553210248548,5.558252241964804e-09,1.327156660858042,7.106818532887943,7735.25088605127,305.3883161368748,1.4318887532303626,331.00022720310614,7994403840240.968,79761771695380.52,0.6951283619207205,17.482075411004363,65.02249274139086,7.901719570589676,0.49498997995991983,15.96339297864068,7.901719570589675
30.918694973959035,4.648750650897492e-11,1.5282310697764423,0.5979618044039843,848.2261278396294,356.1761605322083,1.7966991602445361,565.842678071082,715035410748.5907,7198517955739.726,0.7586406582846692,26.211219009529604,73.88545298480587,14.692045813085693,0.6200400801603206,23.695316291951393,14.692045813085693
28.536250486660297,9.428853552295823e-09,1.6540698690583362,9.364980495678145,617.590504425863,325.0873273100229,1.7858038000529342,320.71463681824156,623808052963809.6,3818697057988.067,0.6594001833766664,18.457776531553705,52.57997721088387,6.3995412208632505,0.4220440881763527,15.163205456841224,6.39954122086325
31.951576455307954,3.32366788089833e-11,1.9353486953301278,4.135395347272309,2728.8893898395227,332.8601883689979,1.5326832747167898,678.1944655664759,2.943901205532997e+16,6461535005688148.0,0.97965020252081,28.576239127939168,66.30523736735319,18.561964517910912,0.7216432865731462,25.721800317793797,18.561964517910912
31.98151743325714,1.0218809087614928e-09,1.4516854958057448,8.537192234663786,352.86595226141645,363.44040447135035,1.6486430121055031,503.93201625005065,17549969581250.973,380506497428.3946,0.5309314345848084,25.379051122493845,42.524845399736215,5.730025611205395,0.30480961923847694,18.798703353001265,5.730025611205395
26.190302916865328,1.8679630932091767e-10,1.4083541954193302,2.4029527983070986,987.7488826577614,338.41395804425116,1.5588857212697516,598.1511454103738,465919235986.69116,11053876956356.41,0.7829028926930505,22.569014119709443,72.17084089783317,12.752115906575174,0.6226452905811624,20.480546628197654,12.752115906575174
26.960268362834615,3.843455709232936e-10,1.5525458869503188,6.494517327952146,2263.861712516895,330.9474685129254,1.4904763080406465,377.8092098417978,17305427592664.537,46016939647919.75,0.7936060351186554,19.252776755409702,64.90846052350925,9.917441460524437,0.5731462925851704,17.303508002803124,9.917441460524437
28.608930340978915,2.177834899026681e-09,1.4259920985736922,2.5105574951447953,1115.2633688786323,284.5285225091637,1.669959405300455,598.5285303401931,4117847328846084.5,1160182377152.3965,0.9336688076903454,24.662577551365022,74.87326664859071,17.24082705022256,0.7581162324649299,22.741667190222195,17.24082705022256
27.176722130867073,3.894514542639179e-09,1.0567810340450685,4.112382706984442,16339.181037560926,319.31766874041966,1.4589377353784798,259.5697002074777,398269134661645.9,11594482084.876637,0.5377777281129653,15.732612816640096,67.66357789255825,5.724777675991705,0.39859719438877755,14.362313023227053,5.724777675991705
29.929611961054135,2.0629361845729703e-10,1.3343895008205218,2.5610697091270063,14017.15809750441,319.66739474634016,1.7692396328031137,364.21311558243065,355797687706.41394,1212109419372.494,0.813065161546589,21.036856476738752,76.03523431642336,13.005321278920585,0.6565130260521042,19.809692668441304,13.005321278920583
29.046126678414584,2.3633420402821645e-10,1.8162417117482725,9.126343220621687,11845.60782927687,338.278190221096,1.6707249802774453,486.76961807419536,5333125192298.668,481867818599849.7,0.87868709619115,23.29463753700622,57.94071130114197,11.859708875875992,0.5783567134268537,20.50587224207249,11.859708875875992
31.141089065621966,6.333612507154896e-11,1.9028182081400775,8.51758069511834,2233.436117564553,370.90002020927454,1.460219496905754,116.79193552534022,12223651331776.873,9079248266777.754,0.823685578971002,10.00398003673838,64.74386180553628,5.334981026898014,0.6096192384769539,8.75133311118379,5.334981026898014
28.108655687197196,6.701981134726662e-09,1.254710229055145,2.955891257208254,5883.763734473239,280.3863882341708,1.7637785261772996,326.48168985589433,7.353383323857046e+16,69170856164874.8,0.8026950215097576,18.632359540658623,75.07859118895983,11.228830860274128,0.6434869739478958,17.449973837672967,11.228830860274128
26.31328973049406,1.8961968737683467e-11,1.0881681069241584,9.535698146941048,7380.793969711706,322.76060072889356,1.5002413449400154,624.1838478614819,1619330761603.7283,88461544019011.89,0.7070642487681957,22.998263632238892,55.94360096238974,9.097128810434741,0.44549098196392783,20.42045558437668,9.097128810434741
30.579946169272077,7.655406676289193e-11,1.5049147371706422,2.3852949667202603,1810.7534232449766,376.51343982800086,1.746569017327215,607.9685237143091,175225548779150.56,47127911595.33455,0.5451400144651577,26.513187940567875,60.8808604088532,8.79935406977887,0.3855711422845691,22.821609567669732,8.79935406977887
30.27727914000316,3.174708701721531e-10,1.1768488681070588,4.241812918258461,5884.105325977366,353.53318566822384,1.5216103979451758,625.5984036095987,18936802181389.8,79060039183.2274,0.5531889420353038,26.495586185006868,59.844863821293345,8.771500763171602,0.3751503006012024,23.381297440291824,8.771500763171602
27.17072033272235,2.5853181981327396e-09,1.3541645749660625,4.9373104733017605,882.3474748232297,348.60910711689314,1.790516703776211,303.655149372005,4.682484109526139e+16,1637850535.0528862,0.40354236468450005,17.177976626944098,50.269358258653874,3.4846926800238758,0.25791583166332666,13.510968510737483,3.4846926800238758
26.797658619644242,5.83930412150708e-10,1.7014068620483798,2.6566932971887782,4056.4132606732883,311.8386247042813,1.677044622810795,495.5966066585515,6.868285213018205e+16,1548381665441.143,0.9072138470839521,21.64721571740402,72.28042745419782,14.194902948771727,0.7138276553106212,19.885616427392172,14.194902948771727
29.889296241628283,5.421478549084142e-10,1.317554893887573,2.68002849063766,29904.837269269025,300.68523617015154,1.7951376335371183,187.9524346124566,6700506242979352.0,19957176624.6869,0.8137466033717421,13.9135714233041,76.83089042056417,8.698886752563554,0.6669338677354709,13.043102432479609,8.698886752563554
31.802939864097002,1.1427808910085647e-09,1.0901182436758288,6.993135770698307,5096.142056231744,313.75462466939587,1.5303679988783572,531.2564690488913,2806520621899469.0,195182529794.47513,0.624845773862678,26.35423227213838,54.70786546497032,9.008925102401166,0.39338677354709417,22.900935436057985,9.008925102401166
31.25736266503702,6.404447304772187e-11,1.069864425974811,6.078704879310271,517.775081458298,307.6664064266485,1.653593196524219,271.81577341437855,1949746073997.708,83617639683009.52,0.6926803725151083,18.409623103036633,66.0120086012069,8.417841163632188,0.5132264529058116,16.401806874863187,8.417841163632188
29.281996048413774,3.3058545732457736e-09,1.5812395946554776,4.937782675383028,1053.2044931724602,359.20658750912975,1.4984355042821835,245.33704658389615,1.1208089248465528e+16,154293517549956.34,0.42587092618840244,16.253804732108755,50.42328486629869,3.4903113129473815,0.27354709418837675,12.759453078100682,3.490311312947381
29.677240933877123,1.3084634397301637e-11,1.1272576182847265,5.0995831098385755,9832.814519616808,326.41008641918233,1.4086465122073915,210.56199920009303,340878961202234.7,72363475611610.2,0.7139562599904427,14.959782433984913,71.3483330219194,7.6204516872980825,0.5496993987975952,13.862943463221812,7.6204516872980825
26.200569876271427,1.3489481609343165e-11,1.261310115456363,1.0183166147883365,3836.1224754126347,292.370198195668,1.724109667450711,566.3351915845521,6.654263318502263e+16,4353602075362997.0,0.9374584164500952,22.22772080324959,80.1030019933623,16.691514262639377,0.7971943887775551,20.93782206399459,16.691514262639377
27.640190901411668,1.2252615577954516e-11,1.329412216111768,7.143105163384003,416.4879287163436,315.9712657671429,1.5490172737734533,231.60738149138604,1724981844160814.8,41084597363949.56,0.8615579496955168,14.617601699460941,64.31785531439694,8.100133423021985,0.6591182364729459,12.289348063508577,8.100133423021985
29.21296456420606,5.3991316724142014e-09,1.1031388527302726,1.6669543998856822,1848.840126962378,345.58820518629005,1.6920396461227059,144.42561248075918,5.630524110128448e+16,136600948598.78021,0.3235564293022356,11.14936465667166,59.51510551389,2.1469768509461917,0.23186372745490982,9.259649512723852,2.1469768509461917
28.153835682698563,7.428299354344831e-10,1.9451655174597346,6.694344743212066,25677.140595955545,298.7591118820479,1.7094049644864673,597.3273351257709,113278322618539.88,342938094810.9617,1.1966012400565276,24.30319581074258,70.36735845697906,20.463696344520777,0.9014028056112224,22.70205530439277,20.463696344520777
31.908551180191264,2.6482685388747576e-11,1.4109295275286566,8.75906277509447,19996.845585071576,378.0382101559774,1.8424237961321905,130.57421523244753,3.7896490924919e+16,993505646776.8373,0.3745537969379651,11.192494951845514,45.12845490257425,1.891871242123423,0.22665330661322644,8.346982757025534,1.8918712421234227
29.909715124739492,1.523447903554047e-10,1.8136680766135487,5.844008907963108,15527.061926699838,299.3771471520767,1.4924915473774512,364.2260809508722,106784758491.03891,70789799827312.44,1.2643107414650927,21.019185317953497,75.49130049306582,20.061648364638952,1.0082164328657315,19.898156497624402,20.061648364638952
27.776322366848067,4.697838023059598e-10,1.0700035604608469,1.8723147219504008,5568.245054882875,310.5662627111043,1.5073609712928167,237.30790048466076,1944984695547.2542,22906389754726.75,0.6320509820990527,15.17801092085507,77.60841241768861,7.44518975256397,0.5210420841683366,14.28903725588239,7.44518975256397
27.00614728681674,1.2249520181240384e-10,1.6878868655934522,5.233976362006977,4949.5047063903,305.09069794637486,1.8663574365826028,348.32754898980136,5269672429486.174,2139357127851440.8,1.0273528140887815,18.529737018312662,73.66115910156887,14.022563617735365,0.8102204408817635,17.307096822285303,14.022563617735365
29.93173769158632,6.947644519752822e-10,1.886734652166168,0.7736948054595674,14974.73080600668,347.7864364305101,1.5799963973900646,253.81080551431336,425437138859.2464,3868291484613769.0,0.842084830975737,17.08676877231979,74.87228824082041,10.773005777470344,0.6851703406813627,15.723105829066105,10.773005777470344
26.851472619977216,6.002271102947421e-11,1.6911071795694699,7.159493891282728,663.0364577646072,361.41311607656274,1.6551436345881811,609.0740068690654,333973754645.2811,1994389567.1121478,0.8835193934730993,23.07658322615995,60.669397960526005,12.36964622083497,0.6174348697394789,20.033928802975172,12.36964622083497
29.8219422889661,2.8188462681278298e-11,1.5249490457333,0.33826584098818546,11477.796516067736,369.95301701785013,1.819441380982144,675.011687890251,2.6216488932134204e+16,1282703051864.091,0.5275916223412104,26.67760975866407,66.33832991129492,9.337042592986379,0.4012024048096192,23.272648620880137,9.337042592986379
28.39008925066188,4.881474263317434e-09,1.926938795357227,9.733792293516762,10880.139649547464,300.19888299413805,1.872477068055361,668.2848800897317,992631798433864.8,1002217229160973.5,0.9996987915761831,25.307399137317756,58.78178198514314,14.871659368269913,0.6617234468937876,22.47413090480523,14.871659368269913
29.367058526983712,6.797994928252629e-09,1.0939363965920912,8.666844225550753,408.3262103595299,313.91070522180206,1.4676628213076308,387.4810554777473,2474440116309.6235,4618560695460530.0,0.5339084563041141,20.853367390007566,50.67088445280049,5.641589456667063,0.3256513026052104,17.32401931616532,5.641589456667063
